Transaction ID,Post Date,Revenue,Voucher Code,Link ID,Status
suLVYeuvpxavrkEaDpJq,2023-06-14,"$8,23",JOAO15,33145,Approved
bQieLyxRJOywwJTepvvl,2023-01-22,"$13,16",JOAO100,53421,Rejected
nKDNGPSjiNNwsvQnGSVP,2023-12-17,"$14,40",JOAO100,23122,Approved
iFGgFOElOfjkiShZxnow,2023-06-08,"$14,48",JOAO15,34214,Approved
rUgvaUCkNMNPmpmBKWVA,2023-05-01,"$16,72",MARIA30,23122,Rejected
TIoVjcTofMiDxCnVDBNY,2023-02-27,"$10,79",MARIA30,23122,Approved
NqPWWAqYIRknXIAMnOCu,2023-01-19,"$7,22",JOAO15,31231,Approved
sPIAfWCEksIGaXbnmxdL,2023-12-27,"$15,75",ANA20,53421,Rejected
YqHaitIAlaOlgVvEzXrO,2023-07-07,"$14,53",MARIA50,53421,Rejected
rSpKdVzGnxDtmcXvJYDF,2023-09-02,"$11,56",ANA20,31231,Approved
vTPkgDwimwUFDkkhrfqG,2023-06-24,"$10,59",TIAGO70,34214,Rejected
MqwwWNACsEiMrcbSfNLW,2023-08-21,"$13,20",ANA70,34214,Approved
evSUojzthCZwelqZXmKY,2023-06-16,"$11,00",MARIA30,34214,Approved
dlwpqehjaTieqZOLQFbt,2023-08-26,"$14,77",ANA70,23122,Rejected
VwuuaAulbogUXoQTGEbj,2023-04-04,"$18,97",CARLOS40,53421,Rejected
nbuqRZBEIgJyFZhhqPuv,2023-01-26,"$10,61",CARLOS40,31231,Approved
DCzKrfujiJaXuxqHXLId,2023-09-24,"$14,95",MARIA50,33145,Rejected
oXwWQFfIQsPwOHzynTcw,2023-06-05,"$12,23",MARIA50,33145,Approved
pfweTaQNVwderqRvRJTD,2023-12-16,"$10,27",TIAGO70,53421,Rejected
AUhWHIslVuNTESSeDuuy,2023-06-09,"$13,33",JOAO15,53421,Rejected
NxyosGvJcwVCWweCpBld,2023-08-26,"$10,16",ANA20,23122,Rejected
VUplLDZkrDuSqHvDNlSO,2023-12-22,"$16,84",ANA20,23122,Rejected
IwLIrTzhzdOYRniVwkxX,2023-12-27,"$10,23",CARLOS40,23122,Rejected
ApJmGjoyYQvIhcmNUoQE,2023-03-08,"$14,35",CARLOS40,31231,Approved
fSHbomaWIPAKhDdshDuD,2023-02-04,"$10,78",JOAO15,53421,Rejected
VWLdTLTRzDyNgctvGNWV,2023-08-14,"$15,05",JOAO15,23122,Rejected
mCKFFwaLLjFtBxuzBuAa,2023-07-02,"$13,10",JOAO15,23122,Rejected
vkOzykVuMtXcpLPnmVys,2023-12-12,"$11,30",MARIA30,23122,Approved
XqFfYcMTrXPxcICmZTgC,2023-12-28,"$18,28",JOAO15,23122,Approved
aOQDRvWuMRVOIqNRotwz,2023-02-24,"$11,12",JOAO100,53421,Approved
oaSXUQRkAHIelrcJuJfb,2023-01-01,"$17,91",JOAO15,31231,Approved
dHvCeMaZOGOPcmYzAbLp,2023-08-24,"$18,29",ANA20,53421,Rejected
PfGFWkEWKrFUFkTvHSyF,2023-01-04,"$9,96",MARIA50,33145,Rejected
EYpxstsyEpgPbMHypdGe,2023-02-14,"$8,77",JOAO15,31231,Rejected
dEdQXNkitZFxknbbCSPw,2023-08-09,"$19,52",JOAO15,53421,Rejected
TUBkQXTOUrzJustHrZjd,2023-01-06,"$15,99",JOAO100,34214,Rejected
nqNAFcQcLHuNwiYtQqtn,2023-03-06,"$17,33",ANA70,31231,Rejected
RGSfYlrbwjcHNwzQuZWo,2023-04-11,"$9,33",MARIA30,34214,Approved
HYZUmXVyMqoGrUUBrjAu,2023-05-19,"$9,71",MARIA30,34214,Rejected
ylbHCkpMmRvsMEDLemwm,2023-02-22,"$16,07",JOAO15,34214,Approved
dEzWRwhgRQGXxDHZdPbc,2023-06-10,"$14,97",MARIA50,23122,Rejected
VxRHZMLgOuOoLTWunqtj,2023-03-20,"$13,46",JOAO100,33145,Approved
GtyHxhfMAYjBviXeZjvI,2023-02-22,"$7,06",ANA70,53421,Rejected
MNHczWMxfpWWnNuzklAM,2023-04-18,"$9,87",JOAO15,53421,Rejected
fDTNWLchvCnYdFZknfyT,2023-01-27,"$10,16",MARIA30,33145,Rejected
JBGAauTAURYxcUscOopm,2023-04-17,"$11,21",ANA20,23122,Rejected
YaCsrUaXSfFInAEDdwNe,2023-08-11,"$9,39",JOAO15,33145,Rejected
osBUQRmRDMkXmhypUzDl,2023-02-04,"$14,18",ANA70,23122,Approved
PSglbbQgKgkotBbCliJf,2023-07-09,"$12,76",JOAO15,31231,Rejected
epowfCbTmrXHqyYhnyKj,2023-12-08,"$15,84",CARLOS40,31231,Rejected
PhJWqLYWLBYruKDlpKbw,2023-09-01,"$17,32",JOAO100,33145,Rejected
JDkgAqtPwZTYJzCFyoGX,2023-01-07,"$19,04",JOAO100,23122,Rejected
xcqTvixfCXJSRVvhepCy,2023-01-15,"$19,29",ANA20,34214,Rejected
zPODzDPMNfjbyQXoTwFQ,2023-10-11,"$8,94",JOAO15,34214,Approved
qMpdouYBdXAIPEtTDHPo,2023-07-24,"$7,48",ANA20,33145,Approved
RuKZtGiTztkvmjJoIvpz,2023-03-18,"$16,13",JOAO15,23122,Rejected
aUsNpTvDMaBiJWyZgPSV,2023-12-01,"$9,21",ANA20,33145,Rejected
BCczqKJTbssfPVUdrqRk,2023-07-24,"$8,55",CARLOS40,33145,Rejected
DsQYwiUaQeuXHJFrzXxO,2023-04-17,"$19,60",ANA20,34214,Rejected
pXhnXfoegJquOoueayEy,2023-12-20,"$15,82",ANA20,53421,Approved
PGnkjMrAuTywwGumUxpS,2023-09-12,"$18,71",CARLOS40,31231,Approved
UvvSjsRacdvkfrxBVPhN,2023-11-09,"$8,06",ANA70,53421,Approved
MwIiReUjRKNhZjlAgrZc,2023-09-03,"$9,13",TIAGO70,34214,Approved
gLZJpYYNHEWVmiKVNluy,2023-04-17,"$16,29",ANA20,31231,Rejected
BUbGyPRIptFwIhoQcwco,2023-09-28,"$10,59",ANA20,31231,Approved
GzKHvurBDpSKcTyXFyLt,2023-09-14,"$7,57",MARIA30,23122,Approved
IyQUtMYMfDwcxGdrAcBA,2023-08-29,"$14,51",ANA20,23122,Rejected
ZZKvrzjDJUoDosJosWsW,2023-06-11,"$8,52",ANA70,31231,Rejected
ikaAjRHgxVgxarhEbuzC,2023-10-12,"$17,76",MARIA50,23122,Approved
CMuobbCjAHZkBjaIWgXI,2023-05-06,"$17,96",MARIA50,23122,Approved
UgEQretkKIObKWCRPhgy,2023-01-12,"$19,33",ANA70,34214,Rejected
hPvujuumNBqlVnpJHZzL,2023-04-04,"$13,00",MARIA50,34214,Approved
YSPfncEMiYWlUcQWjBLg,2023-12-18,"$12,33",MARIA30,34214,Approved
LxuZdyjmifzPWzFxkIIt,2023-07-02,"$14,70",MARIA50,31231,Approved
hpBGMylqceLCpcCyjjCo,2023-02-28,"$10,87",ANA70,31231,Rejected
hqCMkTMQJDQAeCVzcDBg,2023-05-13,"$10,52",TIAGO70,34214,Rejected
vaNxepPIvHsWWAvURfxO,2023-06-08,"$8,35",MARIA50,34214,Approved
XpffyIbAiLhHsdXmrIff,2023-01-24,"$12,66",JOAO15,31231,Approved
VGYauGoqgmZMjFNxTsAK,2023-06-29,"$9,42",CARLOS40,23122,Approved
aeKtHHCjyyCmjMWPOfqg,2023-09-05,"$18,50",MARIA30,33145,Approved
VxKmJIcEVdunLjfXyzNB,2023-07-31,"$15,36",CARLOS40,34214,Approved
WMPjrTEqnqWehptsVgov,2023-05-11,"$12,37",JOAO100,31231,Approved
HBLoRFwHCHGORAEKpZcw,2023-04-03,"$15,51",TIAGO70,53421,Rejected
KGfhsuDlKJSHaTgLhPfn,2023-10-01,"$15,26",JOAO15,33145,Approved
QbKJFBTvnvDptDervwAw,2023-09-09,"$12,27",ANA20,53421,Approved
VIOCjfydQMcVOfjfchlE,2023-04-23,"$17,20",TIAGO70,33145,Rejected
GjDeOMjrjqRkXJDMVhqa,2023-07-26,"$13,49",JOAO15,31231,Approved
DgNAQJJoZSGssZNDcxsQ,2023-07-22,"$16,73",MARIA50,23122,Rejected
MNhgKxucNcNgVRDtnXXD,2023-08-25,"$8,41",TIAGO70,53421,Rejected
GwxGFJbjAzMprBpkGjRQ,2023-05-08,"$12,69",MARIA30,31231,Rejected
mewMDLHJJVhcRaNDEiBC,2023-11-24,"$11,88",ANA20,34214,Approved
PdeNDfkPyaxcOASWLZLP,2023-04-04,"$8,47",MARIA30,33145,Approved
AxoHACIyOmLiwtqTFYHn,2023-12-10,"$18,97",JOAO100,23122,Approved
FEebggVvQSaXtFrpWJXz,2023-09-10,"$16,30",JOAO15,31231,Approved
QapAihkTYgvEwgxuaqQl,2023-09-02,"$11,87",ANA20,53421,Approved
UsFmbgRcyhqDNOCErSwu,2023-11-03,"$17,78",JOAO15,31231,Rejected
muFsZFjyeWNoCcidUlFo,2023-01-31,"$19,62",JOAO15,34214,Approved
DrMuTrkQqnCyuxFUjimG,2023-07-31,"$9,14",JOAO15,33145,Rejected
QhhxlJmQkAvztistOkIx,2023-06-28,"$11,78",ANA70,33145,Approved
GOmMVglkvhxyOosehlbA,2023-06-07,"$18,46",TIAGO70,33145,Approved
owECusYOxozwhKtJCSOp,2023-11-08,"$15,43",CARLOS40,31231,Rejected
jcYfPbohzNqbEloPKPbA,2023-07-08,"$11,41",ANA20,33145,Approved
MMTgTCSejsjaWWvsYlnH,2023-04-19,"$15,67",JOAO100,23122,Approved
abzVzCclWqewMxvjPUlU,2023-12-23,"$10,09",JOAO15,33145,Approved
muQYiolWFrbNazvZPJYu,2023-11-22,"$16,47",JOAO100,53421,Rejected
YtNvGhgvPNgkmPqYJRle,2023-02-28,"$11,33",TIAGO70,53421,Approved
ukwuWjQrpHUrOWcdtttC,2023-04-20,"$12,12",JOAO15,33145,Approved
BhmCGLkdXixZYiHaQTYJ,2023-11-08,"$12,36",JOAO100,33145,Rejected
LzqpnBTqukEoacTXSleR,2023-06-29,"$13,03",ANA20,31231,Approved
iLwCpKytkdAwdcTxrHzt,2023-02-21,"$19,68",MARIA50,33145,Rejected
MDTuxzoKylYmFJjhPGZr,2023-09-21,"$14,80",MARIA30,33145,Rejected
CcSAvKeDnOxJHhuAhdKa,2023-01-08,"$14,29",ANA70,31231,Rejected
mrKGidtJxIaUbnVFJqyD,2023-05-12,"$11,51",MARIA30,23122,Approved
iQCRxxCWuXLTqvuoOvNN,2023-12-12,"$18,73",JOAO100,53421,Rejected
xZlNZFMDNDOiQWQWBTFp,2023-01-28,"$8,55",TIAGO70,53421,Rejected
cFzJRmKhBAhozvCwsMmP,2023-06-11,"$15,87",JOAO15,33145,Rejected
AdmCigESJPjZUCDitbZc,2023-04-11,"$14,80",JOAO15,23122,Approved
bxDURLrGOilbcZNpwXPL,2023-09-09,"$16,48",MARIA30,33145,Approved
smXsAUMOOOvCsBuomNld,2023-04-25,"$13,47",ANA20,33145,Approved
jyukmqpKwfaXPlOltsFT,2023-08-20,"$7,82",CARLOS40,34214,Approved
cBRFNaZcvKoCRcBygxMw,2023-11-23,"$10,36",ANA70,34214,Approved
BcfytJnSFatHGGaFpSBP,2023-04-24,"$19,83",ANA20,33145,Rejected
VRNHMzoiQGYUmlSPgvFQ,2023-12-20,"$9,48",ANA70,34214,Approved
lGdmOxetkbdNvLvgLEXU,2023-09-03,"$13,20",MARIA50,31231,Approved
kiABzQHsYLbCOoLzlHMO,2023-11-07,"$15,97",TIAGO70,34214,Approved
GtcWdzITzssFnkIdLQGF,2023-05-19,"$16,17",ANA70,31231,Approved
QTdHykptzTRmVJlVqvOJ,2023-12-15,"$17,37",CARLOS40,31231,Approved
fhtlAypbDJLewgnKhrEj,2023-03-13,"$11,02",JOAO15,23122,Rejected
EkXwephUbJtzCpryYLtd,2023-11-03,"$9,47",MARIA30,33145,Rejected
xDsIJSHPDFuWGNBLHOOe,2023-01-01,"$15,58",MARIA30,33145,Rejected
fBBLhCKUsQInigKEHItH,2023-07-05,"$13,75",JOAO15,23122,Rejected
myHOGokEutfSdwDlogQP,2023-05-17,"$18,42",ANA70,34214,Rejected
BYCeuOQJIPzbXmUvFXlx,2023-09-09,"$18,93",ANA70,31231,Rejected
AfKrJtNcLMFsqGliItmP,2023-05-09,"$16,73",CARLOS40,33145,Approved
nIMjbNzKwMdMosdlKHJZ,2023-02-02,"$14,44",CARLOS40,53421,Approved
YgFpuyCPriOcsidQULNw,2023-03-06,"$18,34",JOAO15,23122,Rejected
zTqCClKvnmeAACPkuSDq,2023-05-08,"$13,94",JOAO100,23122,Rejected
dqQHSNcbrDNxXApbmVCY,2023-10-05,"$10,49",TIAGO70,53421,Rejected
fABOGebhgcjbqhzieLjj,2023-04-09,"$17,38",MARIA30,33145,Approved
ZCItprgIcSFbykECXYMi,2023-06-06,"$16,39",TIAGO70,53421,Approved
ECSyVWIsbWYnmWwqNeFU,2023-03-17,"$8,88",MARIA50,33145,Approved
bGyavupQWxUCWzQsJcoa,2023-09-14,"$7,95",JOAO15,53421,Approved
JOUiqqmnkrZfYRwlmYQe,2023-02-16,"$10,42",MARIA30,34214,Approved
iuMoZCbIXuUfLdxdEeMK,2023-06-26,"$10,22",JOAO100,31231,Rejected
OKkDdHUnqZcflGYnHpOk,2023-09-20,"$16,19",TIAGO70,34214,Approved
gzekLibdnTvetWgneFCs,2023-08-02,"$9,11",ANA20,31231,Rejected
aBIkOaYCUhPyPOffMZBX,2023-11-08,"$18,74",MARIA50,31231,Rejected
KNmbNdOsPiIrxWBcAWJK,2023-08-14,"$19,08",CARLOS40,33145,Rejected
uEMIfWOHdDuxUfpLvaPq,2023-11-29,"$16,44",TIAGO70,31231,Rejected
ZlyutEmkrERjpgyrolcU,2023-07-03,"$10,40",CARLOS40,34214,Rejected
WLeSYzRaKvpqQxKOQdaX,2023-01-23,"$7,71",JOAO15,33145,Rejected
CEuyVYqkirFKeCkTYzYx,2023-08-15,"$16,47",MARIA30,31231,Approved
WPOVjWHKEVskEUMJjlrd,2023-11-04,"$18,77",ANA70,34214,Rejected
BabplaOpLYQQjttMyoVG,2023-08-31,"$16,73",JOAO15,53421,Approved
JFQeXZxQQwqBMrAtxNHo,2023-05-14,"$17,13",CARLOS40,33145,Rejected
yoqldEDgEpOWdXqVHmtM,2023-01-02,"$19,07",ANA70,53421,Approved
rzCtbQAoLwGxKHnSUfMz,2023-03-31,"$17,11",MARIA30,23122,Approved
XLuCPUoJrNbhBxbOomfZ,2023-07-19,"$9,42",ANA70,53421,Rejected
LfZKCBFLGyqBOkWVnKNj,2023-09-09,"$17,13",ANA20,23122,Approved
grQdJQxcNczXNLatGICt,2023-07-15,"$14,76",JOAO15,34214,Approved
PVjbQdPXzUzzBEBBeQnt,2023-09-25,"$17,66",MARIA50,34214,Approved
qTXicmsUQLnPutXTPUZE,2023-05-19,"$11,78",ANA20,34214,Approved
PCDtKHCtYJJYNdoXPPFD,2023-03-24,"$9,34",JOAO100,34214,Rejected
FdVxrmsodDejKMFTtuFU,2023-01-16,"$19,61",TIAGO70,33145,Rejected
pHyJnINzhyOFQMMxjRKC,2023-11-07,"$8,33",MARIA30,23122,Approved
eyOBhXMtYMfejShYszwJ,2023-10-05,"$12,56",JOAO100,33145,Approved
DgZaifSoLXzDZouthMYL,2023-01-13,"$19,77",TIAGO70,33145,Approved
PkyWhCLYQsYweyBXrokT,2023-07-04,"$19,14",TIAGO70,33145,Rejected
YdrxekavuoABmqcKEVlx,2023-10-13,"$19,34",MARIA30,31231,Approved
QXDROudqFluwmTlDQeQh,2023-04-30,"$7,90",TIAGO70,31231,Rejected
iePjGhgYaEjsHezNyZfu,2023-11-19,"$15,83",JOAO100,53421,Rejected
RtbrOUfrSwcDGMKxIToU,2023-07-14,"$7,12",CARLOS40,31231,Rejected
MEkRflLoZPJGGmuiTexX,2023-08-02,"$18,01",JOAO15,33145,Rejected
MuiodPMVLXcmBTrCBRfz,2023-05-15,"$12,54",JOAO100,34214,Approved
ZYUXgCYYEyFCKFTYtPTh,2023-11-08,"$11,38",MARIA30,34214,Rejected
WfFLpYOtdMZrHtZRRasO,2023-08-24,"$8,73",MARIA30,53421,Rejected
BQsYRPjAkNvbGxGvtgHJ,2023-02-09,"$9,04",CARLOS40,23122,Rejected
LdcdjtNBCUOEeaXlggBz,2023-09-05,"$15,77",TIAGO70,31231,Rejected
macKwdhYMuXjLBZwBGLU,2023-12-26,"$10,17",ANA20,53421,Approved
yhkPbnedWipGGcFCDvIw,2023-06-04,"$13,56",TIAGO70,33145,Rejected
mLkcVpGIaKWpSAYpYeZr,2023-02-27,"$13,84",JOAO100,53421,Rejected
SghclDYeXbMTEEuzWoeB,2023-04-30,"$17,29",JOAO100,34214,Rejected
PfyUGuoFTIdSMFruhhCW,2023-11-08,"$19,76",JOAO100,53421,Rejected
AhHnnGRjtgUJWGTGfBPu,2023-07-31,"$18,69",CARLOS40,33145,Rejected
tbIcWgRzaTOtcVhOtnMJ,2023-09-15,"$12,23",MARIA50,23122,Rejected
mwBPTrktXnYCesPocwBV,2023-01-15,"$16,53",MARIA30,23122,Rejected
EEJKePlFfZtoHZvyQRey,2023-06-14,"$9,05",TIAGO70,34214,Approved
lPVEyeyPXpzuoELhYdNk,2023-07-12,"$19,80",JOAO100,33145,Approved
sSOWWzuDBUIylpKZZFLO,2023-11-18,"$19,72",ANA70,31231,Rejected
HROUtzmbjVpKQNUFODxj,2023-06-07,"$12,32",JOAO15,34214,Approved
fZrDETpWjOOeHfhBDgTc,2023-11-28,"$13,26",ANA70,33145,Rejected
iVcJwydkrzswcUWtnJZB,2023-09-23,"$18,69",ANA20,23122,Approved
wkuYSmpYxnVYJRoBXlfA,2023-10-12,"$11,01",TIAGO70,53421,Rejected
CGtOKlJDXMzbpRgyMmzf,2023-04-28,"$8,62",CARLOS40,33145,Rejected
yKcctZpmMssVkTwdTKUo,2023-03-07,"$12,32",ANA20,34214,Rejected
VxlWaMjpjXvvfqQCvSMF,2023-12-12,"$17,75",JOAO100,23122,Rejected
pNKTFVgdIilxRHHWaNDK,2023-05-01,"$14,13",JOAO15,53421,Approved
PCIRoRNjttJjOWBjkXvB,2023-04-23,"$17,57",TIAGO70,34214,Approved
lmsNQGGYlYYgQySnvLnO,2023-03-22,"$11,34",MARIA50,31231,Approved
aumhiOsSKTHhdiznhcxC,2023-05-11,"$8,10",CARLOS40,31231,Rejected
tocgTosKbSbJRUsHZwRw,2023-02-21,"$9,25",ANA70,31231,Approved
tHxUvSSsPzdRosGQbQxj,2023-12-30,"$14,65",ANA70,23122,Approved
AVvYusbwyMWrLyTvuxEH,2023-07-25,"$9,17",MARIA50,23122,Approved
HskXNlvENTyoVplXfsFe,2023-06-20,"$12,62",TIAGO70,34214,Rejected
EnQMNzqXjASdSIeZREta,2023-11-23,"$9,79",JOAO15,23122,Rejected
uOYrJhGeiWKgtohAlRDA,2023-07-11,"$12,07",JOAO15,34214,Rejected
dwdqxroHdvZCDalOebvM,2023-03-04,"$17,54",ANA70,23122,Approved
UviZvOpKixLwEppRnQri,2023-10-24,"$11,97",MARIA30,33145,Rejected
LWJMyiXvuVPlgeJmtAmB,2023-02-16,"$14,56",CARLOS40,34214,Approved
LbraBZnTAxTyrlppqItS,2023-01-11,"$19,18",JOAO100,53421,Approved
rDhuaIUTMPEsiKubvnin,2023-06-19,"$14,62",MARIA30,33145,Approved
kirBSitFzrBdkDErUREJ,2023-02-23,"$16,75",JOAO100,33145,Approved
ifIqEPgUljQpQDFsnXtn,2023-06-20,"$10,74",JOAO15,31231,Rejected
LGpLpTnDbkaAiiJlMJIE,2023-01-11,"$12,69",ANA70,23122,Rejected
xEUjVAIvAFquGcJZWwSX,2023-10-01,"$8,89",MARIA30,53421,Rejected
THZsqJHBuaVMgIMVzaSB,2023-02-25,"$9,83",JOAO15,34214,Approved
SzwMjYiYCCptFFMqUXZR,2023-09-07,"$7,35",ANA70,53421,Rejected
uuSIPASyhyRGNGbuMGwJ,2023-08-26,"$7,35",TIAGO70,33145,Rejected
uGKfXfdpJemeeuVjTbgU,2023-05-28,"$14,81",ANA20,33145,Approved
caTJWBuHnPXfDxlNuawc,2023-05-21,"$16,07",JOAO15,34214,Approved
BUyPrNpiZIyBmektfWrg,2023-12-02,"$8,06",ANA20,23122,Approved
meuqduAtoGJEIFEdWDNl,2023-10-26,"$19,84",ANA20,33145,Approved
ASOYRGNSkOrdmSqJiGUK,2023-02-04,"$9,02",MARIA50,23122,Rejected
QXXMxSPzPRmGjuKiHHPa,2023-07-10,"$8,83",JOAO100,33145,Approved
mNNtUWLeRKdpyANmwmKD,2023-05-30,"$13,34",JOAO100,53421,Rejected
pYRkDtVJLFjUGHywyMAq,2023-09-19,"$17,61",MARIA50,34214,Rejected
fxgVznObUJuoLCJJUFgW,2023-05-14,"$7,62",JOAO100,33145,Approved
TTmcWEjDPsWYsgyCkxoF,2023-07-10,"$8,65",MARIA50,34214,Approved
wfFDnSKYYTGgUlZwgzqh,2023-01-28,"$9,71",CARLOS40,34214,Rejected
ikRjaRSuCwfBJhjJCUQA,2023-03-31,"$16,15",TIAGO70,31231,Rejected
PMuLiPFkfEpyhYOwcCKl,2023-08-20,"$10,61",TIAGO70,23122,Approved
rIhkLFzgPOkrnEEvlnaB,2023-04-11,"$18,30",MARIA50,53421,Rejected
wGTjcWNDqWINAzxKQWDt,2023-03-10,"$15,83",MARIA50,34214,Rejected
SpOwwyYaqSXSIcxlvVKj,2023-08-22,"$19,76",JOAO100,33145,Approved
kVTwdemDnXIUGhUsjUHf,2023-10-01,"$15,09",TIAGO70,31231,Rejected
UegBepbZvTDotAjaIezc,2023-07-26,"$17,54",MARIA30,23122,Rejected
ENsJrPXlUQUTNYmvanim,2023-05-27,"$13,81",MARIA30,34214,Approved
PefkWQekRnuuaKgvHjcW,2023-05-28,"$12,57",CARLOS40,53421,Rejected
jfPZqElssOMpZXhJsHUT,2023-08-29,"$14,73",ANA70,23122,Rejected
KUiSseowZzYzVKvRmEfr,2023-06-15,"$7,43",JOAO15,31231,Approved
sRFHippqHpCovpVCiuGV,2023-08-21,"$17,82",MARIA30,23122,Rejected
xEZdJyvtKTeQazkgjmpo,2023-08-06,"$8,89",ANA20,23122,Approved
ERtXzinXODdhTskDbjcP,2023-09-08,"$16,79",MARIA50,53421,Rejected
jIrVMKtAiyOpklFcBxzb,2023-01-12,"$7,08",MARIA50,33145,Approved
GYlwFohXlWsPfuxVwvOX,2023-09-10,"$9,45",MARIA30,34214,Approved
plAciAFceiVneMNhXqeT,2023-02-04,"$17,24",ANA20,23122,Rejected
wDKNpecTqmEtGnOnrPVb,2023-09-21,"$7,47",MARIA30,34214,Approved
FTbqdMWKcCAQEsUYTvyf,2023-09-19,"$9,46",TIAGO70,33145,Rejected
NTkaxVuSWbVAcYvKSJCz,2023-12-10,"$13,23",MARIA30,31231,Approved
bhsVLRvqRFaAsxZsDXUg,2023-02-25,"$10,79",ANA70,23122,Approved
LKpIHfCsOkOEwPYqQHix,2023-03-25,"$15,97",JOAO100,31231,Approved
DdwiblxVXlzsCXvSzSXJ,2023-08-22,"$9,20",ANA20,31231,Rejected
ewOltuRboBjwYVpdGYEu,2023-08-27,"$18,30",CARLOS40,31231,Rejected
DxdoaKdcYyPJbysNJIHQ,2023-07-24,"$13,02",JOAO15,33145,Approved
NMHIhYaJJxtaKnxQHjhb,2023-10-17,"$10,21",CARLOS40,31231,Rejected
AeSPOHIJXaQuUqpMRbZq,2023-12-25,"$13,56",JOAO100,53421,Rejected
sXjVBKGQWDrcSMUuKlks,2023-03-10,"$17,85",TIAGO70,34214,Approved
UrwlAgNGGzntlMOgTzbP,2023-02-13,"$13,35",TIAGO70,34214,Approved
VroPpwDnoCLiQuofRXWR,2023-10-10,"$9,78",JOAO15,34214,Rejected
EkKHEItIcXwpjoOxgiIN,2023-03-29,"$12,78",TIAGO70,31231,Rejected
tZqXbkKDLtHaicikhtNF,2023-12-28,"$9,40",JOAO100,23122,Approved
zYnKLngKdclIAyumcXdM,2023-07-26,"$14,07",ANA20,23122,Rejected
kCXdaIWQIWHKFoYYaCTP,2023-09-14,"$9,01",JOAO15,53421,Approved
VWMaXVBLECliWoLNtoAq,2023-02-05,"$7,88",MARIA30,31231,Rejected
XYFacevfVUBnpHwlVIOJ,2023-09-20,"$16,02",ANA20,23122,Approved
hgbBKpsoBzUFXEorbVCr,2023-01-05,"$12,54",MARIA30,53421,Rejected
eNlRtBdFHbgCdgDJXiQA,2023-08-22,"$16,81",ANA20,31231,Rejected
jZqHMliPSPJqwelYqsnV,2023-07-02,"$18,68",MARIA30,33145,Approved
VJAfHvsFMAbOCyFfVuVO,2023-04-09,"$18,09",ANA70,31231,Rejected
AGTmCuWYTbymKszddcfz,2023-09-17,"$17,83",JOAO100,31231,Rejected
VAHPtGZtXSufesOgCTTl,2023-01-14,"$8,66",CARLOS40,34214,Rejected
zgFSvaArBLUdRRThIRnx,2023-05-21,"$18,55",ANA20,53421,Approved
tBnSDgMsPowVeDXBYHxz,2023-04-02,"$12,78",ANA20,31231,Rejected
XQlKABUisbnMAJaSCGvI,2023-11-09,"$17,58",ANA70,34214,Rejected
EiGFUXCKFFFYWwMOxVio,2023-06-03,"$17,30",MARIA50,33145,Approved
kxBiqUBdSHfpDMixZcRS,2023-10-14,"$8,96",TIAGO70,34214,Approved
PCysLdkGaOgDagZrXpGi,2023-06-09,"$10,97",JOAO100,31231,Approved
grQYEaozdEGyJtkVlIqH,2023-05-22,"$10,75",CARLOS40,33145,Rejected
UdCSglHavncekBFtPLEz,2023-09-29,"$18,86",JOAO15,33145,Rejected
bFdoRrXOgmptCUoiITwm,2023-02-09,"$11,88",CARLOS40,33145,Rejected
xHyTKVIDGVwpafZMJMOj,2023-06-19,"$15,70",JOAO100,23122,Approved
yFUQckjoIzqMqbOBnack,2023-04-30,"$10,12",TIAGO70,33145,Rejected
AjiPNJsASTxjkpGgQBHG,2023-08-21,"$19,25",ANA20,33145,Rejected
CHvywpObrAbVvXEaEBTX,2023-04-25,"$14,12",ANA70,31231,Rejected
BPPnirQlHIGgoGriAkQw,2023-02-21,"$19,09",ANA20,31231,Rejected
BCEvUVWGIxvtLFMWkcDR,2023-06-07,"$13,64",ANA20,34214,Approved
dznxVlcuuHKLVOLmvWKf,2023-01-24,"$19,08",JOAO100,31231,Approved
pgysTissUGmOYdEpKBUv,2023-05-15,"$7,81",ANA70,31231,Approved
JDjxCYWlIhNAPFCBCmdU,2023-08-28,"$13,96",TIAGO70,33145,Rejected
QEOygVtDmbAQkvXEfiMy,2023-05-07,"$16,73",CARLOS40,34214,Rejected
oEGQYxHtQrDefAhJDUcE,2023-12-17,"$19,40",CARLOS40,31231,Approved
rACnFJKJPbYjsohjFxKt,2023-03-06,"$16,60",ANA70,53421,Rejected
vYqKnLHcYyGxjnIHUONn,2023-11-10,"$8,22",JOAO100,23122,Rejected
tcmDmwwaVohbtIspdiVU,2023-05-30,"$11,51",ANA70,31231,Rejected
EOkVvfrtAABCZwKHlSfd,2023-02-19,"$17,89",TIAGO70,53421,Rejected
MqrNtqVGfRaMcWrwNRor,2023-05-21,"$14,35",MARIA30,53421,Rejected
emkOVxlOxlpPuHhZljvy,2023-02-24,"$15,70",TIAGO70,53421,Rejected
TjfwqJyekcFHYfClQWRq,2023-03-18,"$19,33",MARIA50,23122,Approved
kPRKTlJbalrjsphZcNwi,2023-06-23,"$19,74",MARIA30,53421,Approved
ooXxvbeHbPWrkVOspFRd,2023-03-12,"$16,46",CARLOS40,23122,Rejected
xVDRqmjJgVzMprlMnyqP,2023-11-18,"$13,71",MARIA50,53421,Approved
mLNYWZkllhFXxPzsOdtz,2023-04-28,"$9,51",TIAGO70,34214,Approved
qSgLYECGxbeTSxrPQSMM,2023-11-11,"$12,42",ANA20,31231,Approved
uAXDfFXWnLihFrGqMedq,2023-07-02,"$7,75",ANA70,34214,Rejected
aJfDszhaRYPPBMpnlQEE,2023-05-10,"$8,12",MARIA50,34214,Rejected
meTvkrOaFPBGHqqqcqkv,2023-03-06,"$15,09",TIAGO70,33145,Approved
uTyToLTfiRQoPmcvDOWz,2023-02-28,"$15,33",JOAO15,53421,Rejected
uwjHoPndKJwyprGWBeBW,2023-11-08,"$18,16",JOAO100,33145,Approved
taObtzwQCeHvaAoNUAse,2023-03-18,"$16,26",CARLOS40,34214,Approved
kAUQbhvyszVXjPRXomdf,2023-12-06,"$10,30",TIAGO70,23122,Rejected
hczaRagVBLgNpGTuAvNX,2023-02-01,"$11,95",JOAO15,33145,Rejected
ESimWRhjCdFyTGGvPOnX,2023-12-20,"$19,58",MARIA50,23122,Approved
LOzgxBtNHsSNfWByyZmF,2023-09-28,"$8,50",CARLOS40,23122,Rejected
NIpTzwaesWOvcDkMHmDV,2023-05-02,"$14,11",ANA20,34214,Rejected
ykFwHfHojIVBIRQKTWwb,2023-03-17,"$16,81",TIAGO70,34214,Rejected
dKCdjswpDPGMxdHnvAvT,2023-01-18,"$16,22",ANA70,53421,Approved
RRPEmhxdBdtghYfraEMY,2023-11-21,"$17,38",MARIA30,23122,Approved
KwEddLcnoeuLZeeeBXHO,2023-02-05,"$17,76",ANA20,31231,Rejected
eXJPOZEgAxxgUgeTcIfU,2023-02-17,"$8,84",JOAO15,31231,Approved
unoXBtyVcvkFslKvblxo,2023-09-04,"$9,70",MARIA30,33145,Approved
jRLsplsnKCAOBIDUMHwb,2023-02-18,"$19,66",JOAO15,34214,Approved
brvKVXveJnYDUSkgRdjK,2023-11-12,"$19,73",ANA20,33145,Rejected
HjtTmmpDAkuMHaZfwwjO,2023-11-07,"$19,99",MARIA30,34214,Approved
BWAxSCTmNFlmOLVHdRcy,2023-09-20,"$15,90",CARLOS40,34214,Approved
hFNXIHOJIPKwtkxPtwLC,2023-11-04,"$12,44",ANA70,23122,Approved
OnzKNNaGBTolBdyIheBU,2023-12-05,"$18,39",TIAGO70,34214,Rejected
GqFpLZorjmsYARVNpmdu,2023-03-17,"$8,51",MARIA50,33145,Approved
PLbalAiuBZgtsAAOEEuH,2023-04-30,"$10,63",ANA70,33145,Rejected
fjPmoRTncQnyNLHgoygf,2023-11-29,"$18,04",JOAO100,33145,Approved
GGQkWpxMGOgXawBYQzye,2023-02-14,"$12,90",ANA70,34214,Rejected
FrBwnCIgLRnCVLijMQQE,2023-06-07,"$14,46",TIAGO70,53421,Rejected
FgGydUTqlOnBelpesCQP,2023-04-21,"$17,23",MARIA30,23122,Approved
IMoSfrmcVmtKQEygpSTC,2023-11-29,"$7,12",MARIA50,33145,Rejected
UaElyBcQJdNOfhokKdbX,2023-03-07,"$8,40",JOAO15,34214,Approved
APvAthiugVJWLHXdBBRv,2023-08-06,"$8,55",MARIA50,34214,Approved
xfdzpvvYgiZEupMvuXjh,2023-11-08,"$18,61",MARIA50,33145,Approved
RFhBvaUkPnISxaCjVweN,2023-01-28,"$8,51",MARIA30,33145,Approved
dGRYkILwfvGkelFalFyb,2023-08-28,"$16,70",MARIA50,23122,Approved
NsGlJgMzblrsfipLaAhb,2023-08-01,"$11,13",TIAGO70,53421,Approved
KdvfkcMgKenmvCoieZYJ,2023-06-14,"$18,94",JOAO100,31231,Rejected
djWYDZVrENLEVntVphcj,2023-11-19,"$10,35",JOAO15,34214,Rejected
MigJVmrkCKHnzrCwwQjX,2023-10-09,"$10,46",MARIA50,31231,Rejected
tcquxnrazmOHNmKNxGLh,2023-01-13,"$17,74",JOAO15,53421,Rejected
DSZcwyCDJDtYNlKOSQbo,2023-06-03,"$9,08",ANA20,23122,Rejected
sBRuuFiuRKpocETCAftk,2023-07-28,"$14,56",MARIA50,31231,Approved
QXmUUqOSLSKyvjpezjDw,2023-10-17,"$10,64",MARIA30,31231,Rejected
TtOVnHLPnEaOtdlzyOJk,2023-09-30,"$9,52",MARIA30,34214,Rejected
iuLfDTWfYPYjUhAoEFLK,2023-04-12,"$12,54",JOAO15,23122,Approved
FTSnzuSeCbYgjuZKvJRr,2023-09-24,"$7,15",MARIA30,53421,Approved
GLVDfXNtzuoihGVXnVzD,2023-03-01,"$15,24",ANA20,34214,Approved
AmDOtMPdUaWlwMVMsoDh,2023-05-03,"$7,08",MARIA50,53421,Rejected
DRCOpGcUPpLtLPNGZfFG,2023-05-13,"$19,30",ANA20,33145,Rejected
LAONaGzWknRMCRpZGNRB,2023-03-15,"$10,47",MARIA50,34214,Approved
ikClICONHBKHLXYQCOvF,2023-01-07,"$11,44",MARIA30,34214,Approved
FYssXywQnuLhhZEsTRcp,2023-02-08,"$17,41",JOAO15,23122,Rejected
iGbWXjqyHarpoZwtyHuM,2023-10-19,"$19,74",ANA20,31231,Rejected
TCDBMCffXEcpexhoRtlD,2023-04-21,"$8,31",ANA20,31231,Approved
zCHBcGQDwQPJZPCrIEWW,2023-05-17,"$7,79",CARLOS40,23122,Rejected
dlXvxScQAHNLWMGQoVyF,2023-02-03,"$9,76",CARLOS40,34214,Approved
SYffnTqTZoPUPqiLrpCY,2023-03-17,"$11,18",CARLOS40,53421,Approved
pfMClSmEHLyfAwohLTGs,2023-05-23,"$16,87",JOAO15,34214,Rejected
GBTKUNxATwrdKsBGqYRh,2023-12-11,"$8,14",ANA20,53421,Approved
XMSVnYYYjaLjCMsXVcdi,2023-03-31,"$14,33",MARIA50,23122,Rejected
UkKjpROfmgzbwDpdtkWV,2023-03-01,"$9,16",JOAO100,23122,Rejected
DjxzRRQAsWFKzXNmGCDE,2023-02-14,"$13,65",JOAO15,23122,Rejected
MklCtqyZxjTGqypiVWSn,2023-01-15,"$16,41",TIAGO70,33145,Approved
GeUIQeFQGCIKVpcmaPGX,2023-12-20,"$12,01",ANA20,31231,Rejected
VYeyEgjDTjsEERxoRqvC,2023-04-20,"$15,84",MARIA50,53421,Approved
WFysKeDOYcHhGgvQZjIS,2023-12-18,"$14,50",MARIA50,33145,Approved
VYmTNfhxRzEhvNheRMEw,2023-06-29,"$15,40",MARIA30,34214,Approved
DEcGPWuDKBXKXopWeqBM,2023-12-12,"$18,60",TIAGO70,31231,Rejected
JxvroRdVARWLxheHPgGz,2023-07-14,"$10,27",MARIA50,53421,Approved
uvitZSUTFvDEpIBwCgCW,2023-12-19,"$17,97",MARIA50,23122,Approved
mUcxuSMcBYCHDQcipbHw,2023-12-12,"$14,50",JOAO15,33145,Rejected
iowlChPhVHHJsZTiirSH,2023-12-03,"$13,04",TIAGO70,33145,Approved
KDZbTWohaUIkCPmRUdeZ,2023-02-02,"$8,68",TIAGO70,23122,Rejected
xqfdABJUneUuVZbZAbth,2023-04-07,"$18,55",MARIA30,33145,Approved
IpJURFkCiqJjCFLGXmnA,2023-09-27,"$8,94",ANA20,53421,Rejected
gAvXZbKhFBCCnlQuLceA,2023-02-09,"$14,15",JOAO15,34214,Approved
XfIHjViInFZctMiANdla,2023-01-11,"$13,42",JOAO100,34214,Rejected
VfQquplCZgpsDEwTnbyf,2023-04-26,"$9,13",ANA20,23122,Approved
qWAKdlCpByQOkKuOcEJH,2023-12-15,"$13,55",CARLOS40,23122,Approved
zZwFZjhBuwnRQHuAZrku,2023-02-13,"$11,80",JOAO100,33145,Approved
OeWAqihejBHpEbgiEcfZ,2023-12-27,"$18,67",MARIA30,34214,Rejected
hZkxzDQvTrhkElstjSqi,2023-01-23,"$19,53",MARIA50,33145,Approved
NvkxCtjkpNdjgaCtvIIA,2023-10-23,"$14,82",ANA20,53421,Rejected
xmzqDCZloacmdcCodlYU,2023-04-21,"$16,08",JOAO15,23122,Rejected
lAasxUsNzGezdiFyuBnS,2023-09-23,"$12,02",MARIA50,31231,Rejected
RNzYwWhagwNjIHxnVywb,2023-11-29,"$17,03",ANA70,34214,Approved
ummzbMxBSGMwBznojoKE,2023-01-13,"$13,42",ANA20,23122,Rejected
IFPpELTLSMJSdGmXYCcw,2023-02-28,"$12,36",JOAO15,31231,Approved
EkHYkukwcMyQsmmHakKc,2023-03-16,"$8,27",JOAO100,23122,Approved
aXMczWrkOZEoKeDiiWbn,2023-02-14,"$16,12",MARIA30,53421,Approved
GkOGnNMhzhUBtNNaYHhl,2023-01-22,"$11,62",JOAO15,23122,Rejected
mEjOTgyfxJyveZLfUslb,2023-06-30,"$14,84",MARIA50,23122,Approved
MymFoTIesLKonvjEELIR,2023-01-28,"$16,29",TIAGO70,34214,Rejected
iPQHcisbbGNTrizxNwoO,2023-03-03,"$19,91",MARIA30,23122,Rejected
VmVyRpkFciBHFYZiGjDM,2023-09-04,"$16,45",ANA70,31231,Approved
XVJeKaOATGRdRfyZOWml,2023-07-10,"$14,32",MARIA30,33145,Approved
sUaVJBrPewHoATinNFdY,2023-01-22,"$15,41",CARLOS40,34214,Rejected
ZBvZljYOShpDcShkcAqP,2023-06-26,"$12,97",MARIA50,34214,Rejected
cYfcRUqWLFhnLIbiLYqU,2023-07-15,"$17,27",CARLOS40,23122,Approved
RIHDamsxhLRdlQnvNaOr,2023-09-03,"$16,47",ANA70,23122,Rejected
sbxBTXCemMIgbYGlOLmt,2023-05-08,"$12,30",MARIA30,23122,Approved
WarEuZPlyyxFHpkUVjts,2023-01-10,"$8,71",CARLOS40,53421,Approved
jUyAFAetIibipSnXgjqc,2023-08-13,"$14,19",JOAO15,31231,Approved
qhIkTbotTSpRrIUyrtOP,2023-02-21,"$8,05",ANA20,53421,Approved
OEyrigDWUcIRJiNtwudh,2023-03-07,"$9,78",JOAO100,23122,Rejected
xAVWTbHwcOSmybIKxyoS,2023-04-10,"$17,17",JOAO15,23122,Rejected
lgfONDuhvNMaCAfPrfsG,2023-08-20,"$11,11",JOAO15,31231,Approved
UcUUQNgPvZiUBQjHYnuq,2023-11-11,"$14,41",JOAO15,31231,Approved
gwCFtEUlHdTpKsrWWOXr,2023-03-07,"$19,57",TIAGO70,34214,Rejected
GGRSGpWSymSgLgZMRedN,2023-08-01,"$10,96",ANA20,53421,Rejected
flbREVGzOGfLIPRUveDe,2023-12-27,"$13,11",JOAO100,34214,Rejected
qGhHTAcVcksFEgUfVtBq,2023-10-03,"$15,14",CARLOS40,33145,Rejected
mytIoZKZgeylMcnCiJGH,2023-05-16,"$8,01",JOAO100,23122,Approved
UlTgMDwgdZpLHpmgmYfi,2023-09-10,"$9,72",ANA20,23122,Rejected
NwCHoVhFusvsWkHGJPNl,2023-09-03,"$13,28",ANA20,31231,Approved
EiUgmtyVwNvPAWfzoWBt,2023-11-12,"$18,52",JOAO15,23122,Approved
koQehBTXRemCyCKxxxGQ,2023-06-01,"$11,96",JOAO100,33145,Approved
biuivvNwDUCqkGEOxnRG,2023-09-04,"$12,24",CARLOS40,33145,Approved
DnhwPYkftLRdKvczMyUL,2023-02-16,"$9,12",JOAO15,33145,Rejected
UoWPwqjnnCcRlrlzZxDp,2023-11-02,"$14,56",MARIA50,34214,Approved
KwljyplUwMmTxocPsXkR,2023-02-11,"$13,83",ANA20,53421,Approved
xWShuwRiCtJTZrnAFMma,2023-01-06,"$19,58",MARIA30,33145,Rejected
dZhXXRowiEWyvAJJtwfr,2023-02-13,"$10,40",ANA70,31231,Rejected
crUQgqsqcnWIhRQYyDvk,2023-03-27,"$12,21",TIAGO70,53421,Rejected
FSMxSAYcsDTbehGUfDJa,2023-05-02,"$15,40",JOAO100,31231,Rejected
MpfsRDzpqjCePgMjJFox,2023-04-15,"$12,74",CARLOS40,33145,Rejected
CDUdlyIKUYuDDNqwRhuv,2023-09-30,"$14,54",JOAO100,34214,Approved
DISVZjwwuRxUKbZFZPdA,2023-08-09,"$19,71",JOAO100,53421,Approved
IFfPbOZdGNlVXExIwbsT,2023-11-24,"$9,87",ANA20,31231,Rejected
zBueYaYIpRUGMRPTgIIH,2023-10-15,"$17,85",JOAO100,53421,Rejected
JaaICUdtvkdDvVmIlJUb,2023-04-28,"$8,17",CARLOS40,34214,Rejected
MpdTcokBPppoTyRKInBE,2023-07-06,"$7,54",TIAGO70,33145,Rejected
chpMqTZISVoBDErsLaYo,2023-02-18,"$15,11",JOAO100,34214,Approved
jfevJqkGeOkoNKReYjaK,2023-05-07,"$8,53",CARLOS40,53421,Approved
QmxoMoTDuSelAnYfzvNk,2023-12-29,"$7,67",MARIA50,33145,Approved
jkGKuPNkfwETSysOqaYV,2023-03-28,"$14,96",JOAO15,33145,Approved
CcAvhRxKcRwFtnjmrPez,2023-02-09,"$14,05",MARIA50,23122,Rejected
OHqKoZUubZPyiRrWscAl,2023-11-21,"$14,94",ANA20,34214,Rejected
wgMSQkiQGXBgdiTFyRwo,2023-03-29,"$17,33",ANA20,31231,Rejected
XtqzWAuTIQSWnwCshQCy,2023-02-02,"$7,82",JOAO15,34214,Approved
TlxmwiTMttfwjvTdmMOH,2023-12-29,"$16,81",MARIA50,34214,Approved
DQzuAHPFpPElslQbEenK,2023-08-23,"$8,15",JOAO100,34214,Approved
UUVHhHiKQpJPJeLOuiin,2023-08-19,"$13,93",ANA70,33145,Approved
kJJWdOcPuYebfriraBIF,2023-01-21,"$14,89",TIAGO70,53421,Approved
AlFsMGOFirFojskZmZax,2023-01-14,"$10,89",TIAGO70,53421,Approved
FbhcPWxAXqJtFpikFtQE,2023-09-12,"$10,53",MARIA50,33145,Approved
AkPYiPijVRlAOqqcFaML,2023-12-20,"$7,35",JOAO100,34214,Approved
lKpLgbQpqyDuMDarIrXL,2023-04-02,"$16,73",JOAO100,34214,Rejected
wFeFGYiiWyrlrAYslIdG,2023-09-09,"$14,21",MARIA50,31231,Approved
oZypIplUopAoLFypRvcW,2023-08-31,"$9,56",MARIA50,33145,Approved
IeBaImgCcAtRuMXXhcyg,2023-03-05,"$8,86",MARIA50,23122,Rejected
kxxScOUGejKnQpDMIMeQ,2023-10-16,"$17,85",ANA20,33145,Approved
WmtLCbbkLfozjiBMEwKg,2023-01-21,"$7,15",MARIA30,23122,Approved
kYfIUYFySjSeavCzTerq,2023-04-27,"$12,85",TIAGO70,34214,Approved
LYgUbsvvXJtQfvtedOsI,2023-02-14,"$11,53",CARLOS40,53421,Approved
VoVqUrqxXKrsRcIUfhLw,2023-01-07,"$19,65",ANA70,34214,Rejected
nzwAyjREKBjJMYaWQkiu,2023-10-08,"$10,22",JOAO15,34214,Rejected
vDWmeZITMpgzZJTMunVM,2023-05-23,"$12,12",CARLOS40,34214,Rejected
wgcFWuUrpcNEDdSUjvlL,2023-01-05,"$10,27",JOAO100,23122,Approved
UFLaJwUpDzToOmhfGXhz,2023-12-30,"$8,59",JOAO100,31231,Rejected
EhAgMbxfacqZmLpJVOJD,2023-07-20,"$12,34",ANA70,33145,Approved
cQXWMRrYgujTFeLKjkge,2023-04-07,"$19,80",TIAGO70,34214,Approved
ifpPdtwMgyjKcqLlwUuH,2023-06-08,"$11,09",CARLOS40,34214,Approved
KmsQKADUhuIOxxYtRUDj,2023-02-23,"$11,07",MARIA30,33145,Approved
VEZrFuIlZLWdTniceYiQ,2023-07-31,"$14,49",CARLOS40,53421,Approved
GrKChciBjkRIBgGaotmV,2023-04-29,"$15,32",TIAGO70,31231,Rejected
IEAFtZVeBBeKZbDdJfdB,2023-09-26,"$15,22",JOAO15,34214,Rejected
rNxODFgapxwUDcZNmGXu,2023-06-12,"$10,88",MARIA30,31231,Rejected
hbatEdcEoswRtfUceKuu,2023-10-10,"$7,69",MARIA50,31231,Rejected
jgsMmTsXnlEzKRpgtGrb,2023-06-15,"$16,82",CARLOS40,53421,Rejected
GHldUNhXfdPFLvthxmfh,2023-11-15,"$17,51",ANA20,53421,Approved
YuBkJmHlpCmMTdglsxgn,2023-05-06,"$15,41",MARIA30,31231,Rejected
lImHMcAupsqMgXjFghIU,2023-08-20,"$9,35",JOAO100,33145,Rejected
dhVgelZHnsdDQbaExPNG,2023-10-18,"$15,74",MARIA50,31231,Approved
hrTIMAraWaOQtRnIhAdf,2023-09-12,"$16,02",JOAO100,23122,Rejected
usUwOfsnUBIoWDNvIZrt,2023-11-16,"$7,63",JOAO100,53421,Rejected
zpHifspHVSfIxnXdhoQZ,2023-10-15,"$17,05",JOAO100,33145,Rejected
wNlfkmjcrGtJlhTBEQgY,2023-01-01,"$11,04",CARLOS40,53421,Approved
gZdNfiGOgYdolpHRDzMF,2023-06-26,"$18,92",TIAGO70,31231,Approved
BDmbwtcHoGmGfDIKKIas,2023-09-23,"$7,93",ANA20,23122,Rejected
WpqlpPlKqRtcArUgnJxu,2023-01-23,"$13,94",JOAO100,34214,Approved
KpLiSvcDQwvLunUVbQPo,2023-02-13,"$16,24",JOAO15,53421,Rejected
pkJPvpGesxHJJXpqpYjx,2023-09-01,"$14,31",ANA70,53421,Approved
RdIkKspfDXIbawNTbRjJ,2023-05-05,"$15,27",ANA70,53421,Rejected
YsBhxAqhXkIfyWhtMmic,2023-07-11,"$12,58",JOAO100,53421,Rejected
ixTppQvwdSWqwXJaovex,2023-03-21,"$17,23",MARIA30,23122,Rejected
zCRCTdwEVpcPHoFvgQmQ,2023-09-02,"$16,13",MARIA50,33145,Rejected
ZHYHBmSfmVdmbISAFfRH,2023-04-20,"$12,03",MARIA50,23122,Rejected
xecnGXWwZPrZUrRfkFhr,2023-06-07,"$7,77",MARIA50,23122,Approved
MdMTbLyFBZgzfiSyGHlP,2023-01-09,"$7,53",ANA20,34214,Approved
VtkanQBqFgcZojdhxCkX,2023-10-14,"$9,49",CARLOS40,34214,Approved
zoKZNOqhtZRzGxkUhgYX,2023-04-16,"$15,14",CARLOS40,33145,Rejected
UEVykphCimGcJAgFObCv,2023-03-01,"$10,78",ANA70,53421,Approved
ObCcYixIaAlbXmbDfJlK,2023-12-24,"$11,25",JOAO15,23122,Approved
zzEdEbnVZKBVvbXmHteP,2023-10-23,"$11,99",MARIA50,23122,Approved
oYtOXCEGtPbjicZeGntw,2023-09-03,"$14,30",MARIA30,23122,Approved
BhSSEouqIGjBgNgEkNzZ,2023-11-28,"$16,74",MARIA30,53421,Approved
toozkGPSHWuGLhyfzSzG,2023-04-23,"$7,69",TIAGO70,23122,Approved
rvSdhcSHblcvkPxnoTag,2023-06-09,"$15,96",JOAO15,53421,Approved
cbsVbkAbpACQhWmZrLdH,2023-11-09,"$12,64",ANA70,23122,Rejected
yCXgDTdhXlhRKRqIrsmq,2023-09-17,"$18,43",CARLOS40,23122,Rejected
JkNbSrPYAWylzUYYkbhY,2023-06-12,"$19,44",MARIA30,31231,Rejected
kaEqYDffUEtHStPeQqxp,2023-02-17,"$10,82",MARIA30,31231,Rejected
FhzHmiMyubAlKcbtujXz,2023-07-21,"$16,64",TIAGO70,34214,Rejected
XSKMAWMJwGIZRfxQKbOQ,2023-05-22,"$19,61",MARIA50,31231,Approved
dUzbrHrzyhQhIXJsCHhW,2023-07-26,"$18,82",JOAO15,34214,Rejected
yWJxIokrTIenyEHlguCb,2023-01-27,"$11,95",MARIA50,31231,Rejected
MWdbrehGMYDYREdUptGt,2023-08-22,"$16,57",MARIA50,31231,Approved
fvHILHqMBwUIslcTRzQk,2023-10-08,"$18,08",JOAO100,33145,Rejected
UxtMFCdjGjvkqLxHotVm,2023-12-08,"$18,76",MARIA30,53421,Approved
PiBlrfILXEzKaTzJDgGk,2023-09-08,"$10,91",MARIA30,31231,Approved
pxeSKFWnIRQiUgFHGcON,2023-10-20,"$11,25",JOAO15,33145,Rejected
AKcseHjAeSCkVqtXcNUD,2023-02-22,"$17,17",TIAGO70,23122,Rejected
TUTxGlEkmrgzloMqYrCN,2023-09-04,"$13,07",MARIA30,33145,Rejected
YzrJOMQTtgcRewqnuNYY,2023-07-19,"$8,23",CARLOS40,33145,Rejected
cBDXpFJeIOPZaNRjCWjN,2023-11-10,"$18,81",ANA20,23122,Approved
AMZsabOeZolhCOCHAoCM,2023-07-29,"$8,37",ANA20,33145,Approved
sUjBnQEjLmFKCnYJTDdY,2023-06-21,"$19,98",MARIA50,31231,Rejected
ZiihfOAcjbntdXqSHbtn,2023-08-03,"$15,76",MARIA50,33145,Rejected
QPxnLApEhFkORlWTqbaf,2023-03-11,"$13,87",ANA20,53421,Approved
FekYDpnIVoQNdtzBFhUB,2023-10-25,"$17,26",CARLOS40,34214,Rejected
ENbAVjHSTBgOJbQPgKpH,2023-10-27,"$9,79",MARIA50,31231,Rejected
CnZQRoyODdrGxXmRJXND,2023-03-17,"$11,27",JOAO100,31231,Rejected
qkQUlsNvNaRjxICrYSPs,2023-01-10,"$14,81",JOAO100,53421,Rejected
XpKfEgtJzQAaRnEtIlzX,2023-12-04,"$11,23",MARIA50,23122,Approved
oEFhjzuyipsusKSbxpQb,2023-10-14,"$17,50",ANA70,34214,Approved
RecfNjjaswDGKKajbVHD,2023-03-17,"$15,10",MARIA30,34214,Rejected
hvYAKuswdaIZTmbjuQdT,2023-11-28,"$13,43",ANA70,23122,Rejected
ETmpnRvQBvRGqMiWvQiu,2023-12-30,"$17,05",ANA20,33145,Approved
lCijkMTDdCBHgxjQKceZ,2023-08-28,"$10,80",MARIA30,53421,Rejected
ebCbBgKdaukpUWSozNkF,2023-03-08,"$15,18",JOAO15,53421,Approved
dVRxMtKiYcQJZJIrIVAU,2023-05-18,"$14,06",CARLOS40,34214,Rejected
CjFtPRlqRljGRaQCqIlN,2023-05-20,"$15,91",JOAO100,31231,Rejected
SoyaPogDRisVQfbTjTTW,2023-11-10,"$10,75",MARIA30,31231,Rejected
HMqGujWnxdrcYWCiEGwL,2023-05-20,"$8,85",MARIA30,33145,Approved
GrJypASfWWOcMfRYJtfx,2023-11-09,"$13,91",ANA70,31231,Approved
oKXLmzCoBDXnAHsLSGXO,2023-06-12,"$10,11",JOAO15,53421,Approved
lSuEusSvtDwGQxeRujeO,2023-01-05,"$12,66",MARIA50,53421,Rejected
tcfAQVgxiwluIMQBHipj,2023-09-19,"$7,28",MARIA50,53421,Rejected
VQWECPFPsPpUJjmqMUiW,2023-09-12,"$17,81",MARIA50,33145,Approved
lIYsiawsVVnXCOggWJVp,2023-03-24,"$10,35",MARIA50,34214,Approved
wqWrSUyDqgmykBapOuaJ,2023-06-12,"$15,37",ANA20,34214,Approved
RLUnOIGhbCdlMpygJmWZ,2023-05-07,"$7,88",MARIA30,34214,Rejected
vGyDfDPiJopNCLzuwGQM,2023-09-30,"$9,39",JOAO100,31231,Rejected
UkJBBqhXATKPgefpCMwG,2023-07-18,"$17,52",ANA20,34214,Approved
ppUOtoEVzvBtUVAvEtAa,2023-05-20,"$19,77",TIAGO70,53421,Rejected
xpZEKlRRlfYHlKHOIRis,2023-01-23,"$17,00",TIAGO70,33145,Rejected
eOKSzPfQqvAhBxuxViXc,2023-06-14,"$17,42",TIAGO70,23122,Approved
ZtBcakxiORIRiTavxqDI,2023-12-01,"$19,46",MARIA50,33145,Rejected
aJbjJWXBbTUbPueMmplx,2023-08-12,"$18,51",CARLOS40,31231,Rejected
gXIqIcUmKGbnkkgBGXHQ,2023-06-11,"$19,64",ANA20,33145,Rejected
jZWEXsDbIOiFsbvmMFww,2023-11-03,"$8,77",JOAO15,31231,Approved
VdZEuqSZzceAqgIQyjnA,2023-04-20,"$7,74",JOAO100,34214,Approved
LiVCsgCpqfCnMYJHDDAB,2023-10-26,"$12,73",ANA20,53421,Approved
vOFJNtIdQIwhBQAkzXjm,2023-03-31,"$7,31",ANA70,31231,Approved
PnKvCaKmzKtWYeDwsTKy,2023-09-27,"$13,03",MARIA50,33145,Approved
HedgQADxxJRxgoYAHTGI,2023-06-27,"$14,40",JOAO100,23122,Rejected
NqESzfeSnnsjIBSuRAGc,2023-06-29,"$13,42",ANA70,31231,Rejected
XpeRXfaEUuvXAEgsyQEi,2023-08-31,"$19,54",ANA70,53421,Rejected
JXcUBXRoXcTXMPPMcCPy,2023-10-19,"$8,66",ANA20,33145,Approved
ZtfpZTNRnaKuWvsApWao,2023-11-05,"$14,53",MARIA30,53421,Approved
sdHqtEdfJiTyZeUvfLHt,2023-11-22,"$10,84",MARIA30,53421,Approved
ZoLafjUPcwAcSvxXGVPD,2023-09-19,"$15,32",JOAO100,23122,Approved
YeeFUBQzWqZneYnMVTeG,2023-06-27,"$16,81",MARIA30,34214,Rejected
DnTwYECPhKHPWNyTZoFZ,2023-03-03,"$19,00",ANA20,53421,Rejected
sRFbSZQVyekKvvPTDbnJ,2023-08-03,"$19,80",JOAO100,53421,Approved
qPNwInMIAvgtzCkAbRDL,2023-06-16,"$11,17",MARIA30,31231,Approved
UWwUCiDgeBWqYiMNYDnT,2023-02-20,"$11,76",ANA70,31231,Approved
zZfPAAlsfrJcZCHhAVGe,2023-07-13,"$16,03",TIAGO70,23122,Rejected
gZLxNEdGaRZzAVMAEZkA,2023-01-30,"$8,87",TIAGO70,23122,Approved
aTUYXetcYkDMYYqMFxMd,2023-02-03,"$11,02",JOAO100,53421,Approved
yYdTHZDqjmdHXchlPdXw,2023-12-26,"$10,01",MARIA30,33145,Rejected
RpcpSboxhehWXqQSEMyM,2023-11-08,"$9,70",ANA70,23122,Rejected
hICyLssrLaHilgJkRZoE,2023-01-07,"$18,70",TIAGO70,33145,Rejected
ViYCPViZQxnwxPOiqoLW,2023-03-09,"$14,28",TIAGO70,34214,Approved
KDhyYfQVvLGfJoHDSfyp,2023-01-11,"$9,64",TIAGO70,31231,Rejected
mZCEiEJZWSpzJohDanVt,2023-01-29,"$13,96",JOAO15,23122,Rejected
xvMJSGtMDJYEqyuEEQfc,2023-02-07,"$19,81",MARIA30,23122,Approved
ehfoYoqwFSRZpRBCuqin,2023-11-24,"$13,34",CARLOS40,33145,Rejected
TQHVEWZnRSJqHFRcDXOK,2023-08-25,"$13,00",ANA20,23122,Approved
bXDekfQEOkMfwPCcfpCB,2023-12-20,"$12,41",JOAO15,34214,Approved
lFDdTkAESIxvXGpUNXXS,2023-03-20,"$19,46",JOAO100,34214,Approved
XTRMhYrMcLsLExjYUseP,2023-07-25,"$13,81",ANA70,31231,Rejected
mbMQsekzTVgCfPMcTCbm,2023-04-14,"$14,35",ANA20,33145,Rejected
fifXbBqBQgijqweHBvjf,2023-10-06,"$13,70",JOAO100,53421,Rejected
QjPUyihbVujgnwEiTKXG,2023-10-31,"$9,04",JOAO100,23122,Rejected
zdgYXVXdHyoNbVjMoTAu,2023-11-23,"$7,30",MARIA30,31231,Approved
WWSekDvgcYbepUGuePkC,2023-08-14,"$12,96",ANA70,31231,Approved
lTXyxcPQGRukhYXQAayB,2023-04-02,"$18,19",JOAO100,33145,Approved
qxhtbdFhoHnPgpBVmlpZ,2023-08-23,"$13,02",MARIA30,23122,Rejected
ktSlIOzuuJUaYHKLTDFN,2023-12-08,"$14,38",ANA70,23122,Rejected
sJMJZghkGESEjaQpLvHU,2023-05-20,"$18,54",MARIA50,31231,Approved
uMUVpVThoJIlmjhZGFlI,2023-08-21,"$18,61",ANA20,31231,Approved
ktsKvkJQIuqMgdkQXyEK,2023-10-26,"$19,60",JOAO15,31231,Approved
RiGoVUhDzlsrCRyCnAxC,2023-12-13,"$13,65",MARIA50,33145,Rejected
KkSWinrPzmXiZNLizkGR,2023-08-10,"$12,30",TIAGO70,53421,Rejected
nOvuMBTlIFJJUGciQaIj,2023-01-21,"$11,52",CARLOS40,33145,Approved
YlNMAgCRvRbUWByXPEjI,2023-09-11,"$17,12",TIAGO70,34214,Rejected
jTBhbYYCoNEjVqssGXZP,2023-03-22,"$19,67",ANA20,53421,Approved
zEAjEcawZpBOxeCcxDda,2023-02-13,"$14,36",TIAGO70,33145,Approved
rOvNzblNumAaTpaQLoih,2023-11-28,"$9,24",ANA20,33145,Approved
pxXIaFQEvybArQkblsUZ,2023-09-01,"$16,69",ANA70,23122,Rejected
SnakkRscRvTebPPhBhWS,2023-04-11,"$12,46",MARIA30,33145,Rejected
lBxIlCcOZvLPYAkCzmLd,2023-12-30,"$13,67",ANA20,31231,Rejected
SxjwBeqqscqXORMLxEMv,2023-01-26,"$11,00",JOAO100,23122,Approved
mGQlCDTBDGgwCZImZUKN,2023-08-23,"$11,77",ANA20,34214,Rejected
YgbqNzLPeHPFezEfZSRA,2023-07-30,"$13,86",JOAO15,34214,Rejected
xGBhfDYoKABjpZLxVdlT,2023-10-10,"$18,72",ANA20,33145,Approved
PpdIVIqVLXkYFAnrCFmy,2023-09-11,"$17,00",ANA20,33145,Approved
rFrDtEBhyoxNOnGSqslW,2023-06-30,"$16,42",JOAO15,33145,Approved
gzXbRCyCZgZDooegNWaa,2023-05-10,"$12,21",CARLOS40,23122,Rejected
tSnjSUAatDukFNjQfQPX,2023-04-29,"$15,10",MARIA30,53421,Approved
mQKmUygwvQMoToIqLHyz,2023-05-23,"$11,07",ANA20,34214,Approved
LvKDnkrRVIcmLQFGNxRZ,2023-10-02,"$11,70",ANA70,34214,Rejected
UoXfRtrbDKpBprcMQcgl,2023-10-06,"$7,21",TIAGO70,33145,Approved
ZefeRRMtrMLPsJGQeGRC,2023-05-17,"$9,15",ANA20,23122,Rejected
VJQhKxHhcxiRsWjPKvOQ,2023-07-20,"$16,29",MARIA30,23122,Approved
mdzNmXMUcxjNvJqAwYyI,2023-01-13,"$9,60",JOAO100,31231,Rejected
SWVxWRGtewIQjDWFLuvz,2023-08-30,"$14,71",JOAO15,23122,Approved
kiGkWcTyqwZLimZBMmwE,2023-12-11,"$13,79",TIAGO70,33145,Rejected
loeZVLbRVeqLFjlXMPMD,2023-03-31,"$19,32",ANA70,34214,Rejected
zITUZnRbyYuOJeUKSLZq,2023-11-07,"$17,27",JOAO15,33145,Rejected
YhxeuPqOVmnbTTLbRNwD,2023-08-28,"$12,03",JOAO15,31231,Approved
LceOKxdurClMNsLEurBs,2023-09-28,"$10,97",MARIA30,23122,Rejected
RLiupTWzzJiWjIqELkua,2023-09-27,"$10,67",JOAO15,53421,Approved
DyrpYIetQsasAKoVpOar,2023-06-23,"$7,07",MARIA50,34214,Rejected
juCdoEQlNFjgiRvOgiVh,2023-07-06,"$9,34",MARIA30,31231,Rejected
fiPdAIUTsgcHCucvvizU,2023-09-18,"$19,07",ANA20,23122,Rejected
JBaQKlaDryqEfAGMxbqJ,2023-06-04,"$18,95",TIAGO70,33145,Approved
IvYwiBeLRarVhspittmC,2023-08-22,"$17,59",CARLOS40,31231,Approved
JTUGMlmemnIZhAyJITTe,2023-01-11,"$9,68",JOAO15,23122,Rejected
FylrhzURgxCFsHBWGLya,2023-01-08,"$17,50",MARIA50,31231,Approved
YkJRNoiytdRBPtsuqclG,2023-12-25,"$18,62",TIAGO70,34214,Approved
rQQaSpVehGWGCiJRStFy,2023-10-16,"$17,37",CARLOS40,31231,Approved
nsYVGOrKPgPQCmvCyYcO,2023-01-16,"$7,19",TIAGO70,31231,Rejected
EQWVCGVldpGvRAPtfacN,2023-02-14,"$19,01",JOAO100,53421,Rejected
HAoHkWLtjsCqWXaltuuJ,2023-04-08,"$12,14",MARIA30,31231,Approved
HNpNExxDQDgFEaenanNY,2023-04-17,"$15,18",ANA70,34214,Approved
krWZvyQGOsZuucMNQjJE,2023-01-25,"$9,41",JOAO15,31231,Rejected
vilPtmTLMoorRXyOZNtZ,2023-07-15,"$18,37",MARIA30,34214,Approved
uiGllbNoYJXpYxVWbqcP,2023-09-25,"$17,41",JOAO100,33145,Approved
leIANNuBraDvtLSVlvHE,2023-06-15,"$18,65",MARIA30,31231,Rejected
JyRDZHOghnxwWVEdRXAv,2023-09-19,"$7,37",ANA20,53421,Rejected
swXGpntvuWJVSuGXeeMR,2023-11-23,"$16,42",CARLOS40,34214,Approved
yOaLlZeIbgnuULaRtpwd,2023-04-17,"$9,95",JOAO15,33145,Approved
sEzXKjEgmZRjlhMGveHy,2023-11-27,"$10,69",ANA70,33145,Approved
rXtFdVpniQIfzsPqzgua,2023-06-21,"$19,16",ANA20,33145,Approved
RkqHfcMZhEuDFQOOiMlY,2023-07-12,"$17,70",ANA20,34214,Approved
UdSLGWcRbZRywuGptrKn,2023-10-26,"$9,23",MARIA50,33145,Approved
ACYoePzQqNpuOyBxXOQH,2023-03-12,"$12,01",JOAO15,34214,Rejected
thrZchVZubvpEYpfmQGy,2023-07-11,"$17,91",ANA20,34214,Approved
AHlrqirsWFyfjghTFiTR,2023-11-25,"$19,67",ANA20,33145,Approved
GKZiswgVEvPkrtpuLwld,2023-02-08,"$13,74",CARLOS40,23122,Rejected
KDjcDHIQxxcscJNgTrSo,2023-12-30,"$16,55",TIAGO70,53421,Approved
zYzQBzosbZOCDGilQtIh,2023-06-21,"$15,38",MARIA30,33145,Approved
xXtefHXCIiJYsjswNlbu,2023-06-27,"$16,15",JOAO100,33145,Approved
xXfPErTnhtikeOqNiixr,2023-12-19,"$9,98",JOAO15,33145,Approved
hOFitJxChGvHYhycaPgJ,2023-08-12,"$11,71",MARIA50,23122,Rejected
UTIqGkPrRESKTHOUvcxe,2023-01-01,"$16,84",ANA70,31231,Approved
VntMkeCPcZjaiKaggVGv,2023-03-18,"$8,97",JOAO15,33145,Approved
nDreEbZwCxPxsvzYizbH,2023-08-17,"$14,60",MARIA50,31231,Approved
NSnMJPLSxyQvykdYcfhz,2023-03-09,"$14,71",MARIA30,53421,Approved
qkDPwKnuPWirRcTNZeZp,2023-01-22,"$16,84",MARIA30,33145,Approved
lIPcNCsiqHETNCSOqqJJ,2023-04-13,"$18,54",TIAGO70,23122,Rejected
vGloDXgtJAVXagzVgtfc,2023-08-20,"$9,54",ANA20,53421,Approved
ecJqjWdbLUkHOfclvpQp,2023-09-16,"$9,71",MARIA30,53421,Approved
QjnENuBRnsbpKLiHISPA,2023-08-06,"$15,59",JOAO15,33145,Approved
QcrNIvKXXnTQMDFdnUzj,2023-04-03,"$9,21",MARIA50,23122,Approved
xmxynfveIkIvTSLhfReJ,2023-08-09,"$16,28",CARLOS40,31231,Rejected
KZWaFVbjsRPyThceazdw,2023-11-01,"$16,94",JOAO100,34214,Approved
zYknmBhfhpakVdnGrQYO,2023-10-01,"$9,56",ANA70,53421,Approved
SqIteJaSQzYueUGWaYgE,2023-03-19,"$11,41",MARIA30,34214,Approved
dDDHZzIIJHvZXkTfxrwC,2023-11-22,"$16,45",JOAO15,23122,Rejected
AFMnlaJLoAfIbuScpnfY,2023-07-04,"$17,82",CARLOS40,23122,Approved
BvVYQZtxgPfsrVNynlVz,2023-03-17,"$13,91",CARLOS40,33145,Approved
ubpOurFBUgwYQapoFwLb,2023-07-06,"$17,88",JOAO15,34214,Approved
AGRzkwrLYuatjFyRKdiz,2023-01-28,"$7,69",CARLOS40,31231,Approved
gfnCKSiCsCkGxTLeenzb,2023-02-25,"$17,49",JOAO15,34214,Rejected
LKYJEdAphcNRSHjdnovT,2023-04-27,"$16,84",MARIA50,34214,Approved
OSWsgyqUNGjHNNfSyfQw,2023-12-10,"$10,64",CARLOS40,34214,Rejected
STvcASgXREvzxLEBVmzN,2023-05-11,"$9,27",ANA20,33145,Approved
axMLjKKcFDZpwCZSGfOw,2023-12-15,"$7,42",MARIA50,33145,Rejected
taMapKhRYmpQoMrxoWtD,2023-05-27,"$19,47",MARIA30,23122,Approved
JDmEuoOmfLlBCltNkRPJ,2023-11-21,"$15,74",MARIA30,34214,Rejected
bDeexloVgFhiZZwHQWuu,2023-02-11,"$10,56",JOAO15,53421,Approved
EFSIaRNIYsIaWsogYVoF,2023-02-14,"$12,51",MARIA30,23122,Approved
kOLWcqjMrCBzZNwyUhOt,2023-09-23,"$13,59",TIAGO70,31231,Approved
tShNLAbMbHDIlxNDflTi,2023-12-14,"$11,74",ANA20,34214,Approved
cHOiOJUSoIztoFYlFeZm,2023-11-01,"$11,93",CARLOS40,31231,Approved
ZNSjgAtWoPKfTTxNShuR,2023-01-11,"$10,17",MARIA30,23122,Approved
onfVQxbdtxDijdtoyFON,2023-05-01,"$10,93",TIAGO70,34214,Rejected
uCdJAOqQVMvLJFQDGCvk,2023-08-06,"$15,86",MARIA50,53421,Approved
PkUJPVEwLZqyLtHOchCO,2023-01-18,"$19,82",JOAO100,31231,Rejected
urywgaYzhvuGJieVJIkL,2023-09-06,"$19,95",MARIA50,23122,Approved
aVrhoDkMBgPeUkFpiBZu,2023-01-11,"$13,35",ANA20,33145,Rejected
agSkgDypMLyPFoYPeXZf,2023-10-13,"$9,02",MARIA30,33145,Approved
fbLbzRpnHgoeBZhsQPjv,2023-12-09,"$17,16",JOAO15,53421,Rejected
aQTyizKrJbfSiiOZIxTQ,2023-07-14,"$9,34",MARIA30,23122,Rejected
foIHKEDOxptjMuYTnocJ,2023-05-16,"$11,15",JOAO15,33145,Rejected
cuUFJtbPwVNrvkMtxDaB,2023-02-26,"$9,02",ANA20,23122,Approved
HWGsQXxaKbWDYXHnwAPM,2023-03-26,"$15,05",MARIA30,31231,Approved
giOzeYuhHcwHgzlSCdjz,2023-11-06,"$18,76",MARIA50,53421,Approved
CzxeeWNlxwrJXIIGdxqa,2023-09-10,"$16,57",MARIA30,33145,Rejected
zdqarCCWePiwPJIpkRlf,2023-01-16,"$15,07",TIAGO70,31231,Rejected
lnbMkGcVWJAEjBoRHzQX,2023-02-02,"$10,77",ANA70,53421,Approved
xTvwQowNdQQGXBxRXDCy,2023-08-17,"$12,53",TIAGO70,34214,Rejected
GGzWQyghgyFfVlzgzIYY,2023-09-10,"$14,64",TIAGO70,23122,Approved
vcsBwfATKPbyQmUccYpr,2023-12-28,"$17,67",ANA70,53421,Approved
YKCqTHfdiQXEatXdzEXd,2023-08-28,"$8,79",CARLOS40,31231,Rejected
DyeWVxHEvxeqnXmTsijZ,2023-06-26,"$12,49",ANA20,53421,Rejected
vgeZuvPzjUwcwWbBYzpI,2023-12-18,"$14,27",MARIA50,31231,Rejected
nfEsmaXsnGSMMRqEOsiV,2023-11-19,"$9,53",JOAO15,53421,Rejected
SeMmpVcfsTpyPWDyxevo,2023-08-19,"$10,18",TIAGO70,53421,Rejected
SMPDgZAAlBQuJIeczAhQ,2023-08-21,"$13,55",ANA20,23122,Approved
oTqmDjGDSPPQrMvDGVUF,2023-10-07,"$13,73",JOAO15,31231,Approved
YTBWVxIApDiXzEsfTebF,2023-06-28,"$19,94",MARIA30,31231,Approved
FbGfpoCcuPasrGQzTlAM,2023-08-12,"$17,86",CARLOS40,31231,Rejected
GjLZPhSxuwlHFXRBvVgs,2023-05-20,"$15,20",JOAO15,31231,Approved
LSlggxtcpxwPvwDUCTBL,2023-06-10,"$13,30",TIAGO70,53421,Rejected
FeWKenEbPIjBGGzoijAm,2023-03-28,"$12,80",MARIA30,31231,Approved
seYcGGftzJTwGBuCxEvG,2023-05-20,"$12,98",ANA70,53421,Approved
AbYcAhisxAnovhnPNXiN,2023-10-16,"$18,58",MARIA30,31231,Rejected
ujvdCcTSbBEyUPlTYoHC,2023-11-15,"$12,18",CARLOS40,53421,Approved
BpSnEbKWYkKUqjNaJpBX,2023-02-12,"$8,91",JOAO15,31231,Rejected
yyyJXegYEHMLakXSkTAY,2023-09-11,"$11,32",TIAGO70,34214,Approved
euoQaiulQQxLSHEuADSR,2023-01-27,"$7,27",ANA70,33145,Approved
RoTDqdHTlYSAODrAnRnS,2023-05-23,"$19,31",TIAGO70,23122,Approved
NajVXSPsVXGYSETwVaaI,2023-07-06,"$15,54",ANA20,31231,Approved
CWXPGyvFxDvBdYBosLMM,2023-09-29,"$16,63",JOAO100,23122,Approved
LHtIETaRodyuXTpWXVdF,2023-10-11,"$17,97",ANA70,53421,Rejected
UQansuSiAGKPytnmlMNy,2023-05-31,"$19,14",CARLOS40,34214,Rejected
KIprQwHGIkIttPRBWKHZ,2023-11-04,"$13,89",CARLOS40,34214,Approved
KMePboxrBtieXaGHxPdH,2023-12-25,"$15,10",ANA70,34214,Rejected
XbqBuZzoeMNzDRNjNjdi,2023-10-03,"$10,15",MARIA30,23122,Approved
zhLvsMqPLKIOXUmzxQNE,2023-05-09,"$15,61",JOAO15,53421,Rejected
WnURwjoBNpoDXjmqoaXl,2023-02-18,"$8,67",JOAO100,31231,Approved
PHPymYtXccWNOOGIjJrC,2023-07-14,"$14,91",TIAGO70,34214,Rejected
LMnhpLNUpEkBsPGgkRDO,2023-10-08,"$13,40",ANA70,53421,Rejected
eZRApKalOjvJtPhecswW,2023-10-13,"$10,58",ANA20,34214,Rejected
ViESfJXiHDlfztQTIHJw,2023-11-01,"$15,98",ANA20,33145,Rejected
QZTBwZxymGqbVQzykEVh,2023-07-14,"$17,24",TIAGO70,53421,Approved
QMFWjUhzfaDjbAYIgVVs,2023-09-11,"$13,44",MARIA50,33145,Rejected
xXChvJEGHUTTqsVLrNFR,2023-05-28,"$11,07",JOAO100,34214,Approved
WvquyzUecQeREhyOfxFI,2023-05-13,"$18,78",MARIA50,53421,Approved
PyyqyApMQRhLPxSJWFye,2023-01-09,"$17,34",MARIA50,34214,Rejected
vpkgEwMUmwuhgGHcTIot,2023-07-02,"$7,17",JOAO100,23122,Rejected
dHevLeAvQnlgQWHHpzGK,2023-07-29,"$14,79",MARIA50,34214,Approved
rZfXuhhwOYFZiIYnaIyM,2023-02-03,"$8,86",ANA20,31231,Approved
jLncBvWXXgyaNcsIiOZO,2023-10-26,"$17,02",ANA20,53421,Approved
UcuoXfTLIjfYCCdsKEgu,2023-04-02,"$10,59",TIAGO70,53421,Rejected
ZFUAPvKcCrJGPkPvhVvq,2023-09-20,"$12,73",ANA70,53421,Approved
UZeiBrZeLINyVxTYVaQD,2023-04-04,"$18,68",MARIA50,23122,Approved
iXxZlyARlEZfzozIItEu,2023-03-03,"$12,61",TIAGO70,23122,Rejected
rQHYwcKBhsXNbeTHxzFM,2023-03-31,"$14,65",JOAO100,34214,Rejected
XONhfsMATAhexrOLZVgB,2023-12-01,"$18,59",MARIA30,33145,Approved
LKHXabjjQkAPZAhpPJtt,2023-03-10,"$15,53",CARLOS40,33145,Rejected
iRRXXEGUQnUxhWSdVQJH,2023-02-12,"$12,09",JOAO100,33145,Approved
xunfbukPrJjkiJWlPOJN,2023-01-31,"$15,31",ANA70,33145,Rejected
EbtcGZKSodXWsQsCTiPk,2023-04-25,"$9,74",JOAO15,33145,Approved
sdZoDnFgrOPbZvqmEacy,2023-06-26,"$9,33",CARLOS40,31231,Approved
YrkYNkRsrQQttQvRKhBh,2023-12-29,"$19,28",MARIA50,23122,Rejected
XmIkjAuncULWYaDBAARC,2023-09-17,"$17,97",TIAGO70,23122,Rejected
KaCxfdAGiBcXFRjRXDpx,2023-09-04,"$13,43",JOAO15,31231,Approved
wfaMrpNsFvxUDwJkamzf,2023-06-27,"$13,51",CARLOS40,53421,Rejected
PvIZPvdPkBKjbgxVjiqq,2023-07-17,"$8,50",MARIA30,31231,Approved
wmIHGDvWWqaMsOuJtLDF,2023-01-31,"$19,17",MARIA50,33145,Approved
bcscEdUOnZIeYsuUPnLb,2023-12-29,"$10,92",MARIA30,31231,Approved
JfoLNqDpaxubZitNsIEi,2023-09-13,"$8,76",CARLOS40,34214,Approved
cFetHJJDWkrgvxgAsdWt,2023-02-22,"$14,79",JOAO15,23122,Approved
lCNrOXCFLFMkVPoTfIsZ,2023-04-26,"$19,23",TIAGO70,53421,Approved
ZfqCTnKKLNzZisDvmDJB,2023-05-11,"$14,47",JOAO15,53421,Approved
EzhyJmRtrUHrsSvbWwXr,2023-01-23,"$19,87",MARIA30,53421,Approved
sRDoVMkinNLXKnbXpzGB,2023-02-04,"$17,51",CARLOS40,34214,Approved
pyYNcayYumAoZeiZlEXa,2023-04-12,"$19,75",MARIA30,31231,Rejected
UfhmUGnZkKHTCTOnNmTW,2023-12-14,"$13,47",JOAO15,53421,Approved
rnUqLmCMqCZzyNgtPgkQ,2023-11-24,"$17,65",MARIA30,33145,Rejected
cEZzAsXrAUefAFkFzukR,2023-09-09,"$16,15",ANA70,53421,Approved
dXmyXrnVLJImrPFEqbhO,2023-06-08,"$8,09",TIAGO70,34214,Rejected
gWFZyBxNCAkWLcpdEkDI,2023-06-01,"$19,76",MARIA50,34214,Rejected
VsBZBzEssNBgUfDXGEKh,2023-05-04,"$10,71",MARIA50,34214,Approved
STgaVuyfkJsXaixyGgEr,2023-01-19,"$13,59",MARIA30,34214,Rejected
oMDecuEorrAkhMdtPMbN,2023-04-12,"$10,49",JOAO100,53421,Rejected
PjCxPJNweymAoMfaVdmP,2023-09-06,"$12,76",JOAO15,31231,Rejected
aAtBWtgCTLQLYAyQTNgg,2023-01-06,"$15,93",MARIA30,31231,Approved
eSLSkUhhpdHFzgOMLZav,2023-08-22,"$9,08",TIAGO70,33145,Rejected
PIvWQCvieWsrwouDkGSE,2023-04-18,"$8,84",JOAO15,23122,Rejected
ZSJtQcLpZQqMUmPuieDZ,2023-06-22,"$19,23",JOAO100,23122,Rejected
aqIJDYXnTAkCEdNSUyet,2023-11-26,"$16,94",ANA70,53421,Approved
MycojnMnxrzQIGuNIVBt,2023-08-11,"$11,65",CARLOS40,31231,Rejected
wJnNpKVurbBxeShygfde,2023-03-16,"$14,24",ANA20,23122,Rejected
RVPSgIcWDNWzXVMnHtwj,2023-01-18,"$18,59",JOAO100,31231,Approved
TxYWiIULdkPetDqKaMDN,2023-04-10,"$13,17",CARLOS40,23122,Approved
EOYxtCEnyxOJGafROGAO,2023-03-24,"$16,54",JOAO15,23122,Rejected
EdtwyKDBtrmOGpGpIqzv,2023-08-15,"$10,75",ANA20,33145,Approved
LcOrbYQulivohNiWJYLr,2023-10-24,"$18,23",ANA20,31231,Rejected
IvMKRhNNWgfCljKfICNS,2023-02-24,"$7,77",TIAGO70,23122,Approved
FGHPFKFIprYWBnXhSdkt,2023-01-31,"$14,34",CARLOS40,34214,Approved
yRgQbFahOjSfMWbLODyR,2023-12-27,"$16,37",JOAO100,31231,Rejected
yvueKMwfdGwHzSDRHuMK,2023-01-19,"$15,43",JOAO100,53421,Rejected
pSNATCxRBtxfRpZCadLA,2023-06-04,"$8,59",ANA20,53421,Approved
tZDkvRhbAQncVartTABW,2023-11-06,"$16,36",JOAO100,33145,Rejected
MVVPVlCUGZWbnLzAAkjH,2023-04-08,"$16,63",ANA20,34214,Rejected
SKckaXrTGPIKuDozZgIn,2023-02-27,"$17,49",ANA20,23122,Approved
NiZLpIiWaWOSgEkzzJhQ,2023-09-02,"$16,69",JOAO100,53421,Rejected
priaiMbWxfgGrhiWFXvd,2023-04-15,"$14,59",CARLOS40,33145,Approved
cOamzRiSwTnZERqOBkIZ,2023-12-16,"$12,98",JOAO15,23122,Approved
bJVQukerAEiWNTccseTt,2023-08-26,"$13,62",JOAO100,34214,Rejected
MGNknItjSLTIePvPetOz,2023-08-15,"$13,00",JOAO100,33145,Approved
fEXJdgfXqcWkxlnXWiGv,2023-09-08,"$10,77",JOAO100,33145,Approved
tAKtXdlfAvdjXBXzegUs,2023-01-24,"$16,98",MARIA50,23122,Rejected
JoREBywELwezSWgtHERB,2023-08-23,"$9,99",ANA70,33145,Rejected
OqTyNFAeyEUNmqYpwkdY,2023-09-30,"$19,84",MARIA50,53421,Rejected
ZFfBDYzwUnhbLdSpgZUz,2023-05-06,"$15,80",TIAGO70,33145,Approved
YPdLtHhobqmFpNxxOVNh,2023-12-24,"$17,62",TIAGO70,33145,Rejected
WebMwxuJSAYGpJOpBJMI,2023-02-19,"$19,68",JOAO100,31231,Rejected
YDqHHVHUrFFMtSvZKjfK,2023-01-14,"$11,76",TIAGO70,33145,Rejected
VNzKqlwqCrcGvGGUmPad,2023-12-11,"$10,76",CARLOS40,33145,Rejected
BNHjlNKQJJbIlSYfhDfS,2023-02-23,"$13,55",ANA70,31231,Rejected
rzxccHmbmGRGYmczSmjL,2023-12-24,"$15,84",JOAO15,34214,Rejected
jBSJGyqGemOWSsvsjjIq,2023-12-19,"$16,03",ANA70,31231,Approved
lRNIacONLOsrVBTZZXYH,2023-07-19,"$12,87",JOAO100,53421,Rejected
piDFCsqTRvedNbKQTgUW,2023-12-02,"$12,06",ANA20,53421,Rejected
NurQdTdfOqBPxvPsUdcS,2023-11-29,"$7,83",ANA70,23122,Rejected
AOKvUyzsdqqvMRITuYon,2023-04-27,"$9,34",MARIA50,34214,Approved
lMjbMNtrybYhKmLjRiFm,2023-09-02,"$13,70",MARIA30,31231,Approved
ItbxTzfEuZOLhyeNINGr,2023-04-19,"$17,63",MARIA30,34214,Approved
aMbkMJazmiTeHSvEYeHx,2023-01-20,"$9,73",JOAO100,23122,Approved
RYYVyRqkCwTkqfUyjJpW,2023-04-06,"$12,64",MARIA30,53421,Rejected
aLWDVmKbyiTxpIXUaqrt,2023-01-27,"$18,61",JOAO100,23122,Approved
fsrFkPRomEkGBCxdEoDk,2023-01-11,"$10,86",ANA70,23122,Approved
AEvHXmqKQqMGULKRZXoe,2023-10-22,"$9,11",MARIA50,53421,Approved
YwJPCOkCifLQqtRxBuuE,2023-01-25,"$7,32",MARIA30,53421,Approved
ghyqDeeEPoOdOYaBjtQv,2023-08-01,"$12,22",ANA20,33145,Rejected
PxOeloTzAYaMsXGaoJnu,2023-06-17,"$9,56",MARIA30,53421,Approved
XzgcmMjCUTiEDbjWyhdf,2023-08-02,"$19,83",CARLOS40,23122,Rejected
qQOjIRQZRrjxzOHEdYdn,2023-08-19,"$13,98",ANA20,31231,Rejected
tZfagAzsDOZAvUXTPpBO,2023-09-27,"$14,89",MARIA50,34214,Rejected
WiEYMwlmnGPQVudduRlD,2023-06-07,"$7,31",MARIA30,23122,Rejected
agZcvrxKIRVzsNkENLla,2023-03-27,"$16,25",ANA20,53421,Rejected
qTxgDFWLGUvbFCJRnKSR,2023-06-13,"$10,16",JOAO15,53421,Rejected
yfkINJCzlLhSYVNmiwju,2023-06-02,"$15,71",TIAGO70,33145,Rejected
gvlCeWVyPdxFEGTWtJPF,2023-02-12,"$12,49",MARIA50,33145,Approved
nQqMYspkXtWRINpKABpg,2023-07-25,"$12,65",JOAO15,23122,Approved
nTNDqHgxFwqidxNVNhEl,2023-06-23,"$13,76",JOAO15,34214,Approved
inXUHZTdLGyNiANlVPSm,2023-09-03,"$14,76",ANA70,53421,Approved
GqNpVDgwDhlTGcCXSMdu,2023-03-03,"$13,68",MARIA30,53421,Rejected
RMXnxcZENyaDJkaOHUso,2023-04-21,"$9,42",TIAGO70,23122,Approved
hukmVsXDsPXuXbgXvUab,2023-04-18,"$15,27",ANA20,53421,Rejected
CKLRuGokGMXpWFZEAkRW,2023-12-12,"$7,74",ANA70,53421,Rejected
YNTNjcKofQzCatPbVqxh,2023-01-07,"$13,42",MARIA50,23122,Rejected
zDSZlsSsZMOuXNRPCcRL,2023-11-26,"$9,89",MARIA50,34214,Approved
udDsLaLATFMGgTueGELo,2023-11-07,"$8,41",CARLOS40,23122,Rejected
SJzUvCEyVmDlAYSzmPZi,2023-01-29,"$7,65",JOAO100,23122,Approved
QjjsHJnrazEidFwmTyzX,2023-01-14,"$9,37",CARLOS40,31231,Rejected
AUKANJcRdvonxuxtlyCV,2023-03-24,"$8,81",JOAO15,23122,Rejected
MLvaocFeEOKRtzguEoae,2023-03-01,"$11,81",JOAO15,33145,Rejected
dDYfDoMfGOZAHxhXezOY,2023-12-07,"$7,88",MARIA50,33145,Approved
GZJxeWbuLtSHJOkdeCzg,2023-12-24,"$19,75",MARIA30,34214,Rejected
psBcEuhZDmwRGQIHmiqX,2023-06-20,"$8,12",TIAGO70,23122,Approved
PkioPYNSuIYrEkLStSNR,2023-07-21,"$17,50",CARLOS40,34214,Approved
NKgmoRPNUKIpswChUJXv,2023-05-03,"$19,23",TIAGO70,23122,Approved
EqHPxSfrQTpJhDQMbwgC,2023-11-14,"$9,06",JOAO15,31231,Rejected
SAFNyGGMPLrbWSLQitHC,2023-08-22,"$12,47",JOAO100,31231,Approved
OnUMCXDCKwiwRmGakeDb,2023-05-18,"$11,64",ANA20,53421,Rejected
AztpdRdVoqeosHrCuYpu,2023-10-17,"$9,91",ANA20,53421,Approved
LEduXZWXeFKxgWsdkPEE,2023-04-15,"$18,07",ANA20,23122,Approved
HmPJyJmMqqZiPysVarII,2023-01-14,"$15,15",CARLOS40,53421,Approved
eMkLfVrFgGRVPGYtiqhF,2023-05-13,"$15,35",JOAO100,31231,Approved
DjZCHGMwobzAkiCcEMAq,2023-05-04,"$15,30",MARIA50,53421,Approved
HkKCyKdBKGvmsiihEtze,2023-04-14,"$19,45",ANA20,34214,Approved
JGnvqiDLJZTVTgftgfAj,2023-03-26,"$15,94",JOAO100,23122,Rejected
KUUOMxkCHYyvcifpVkMy,2023-11-19,"$16,36",CARLOS40,34214,Approved
QBwfPkRdVukfcszRFAQz,2023-11-01,"$8,35",JOAO15,33145,Approved
WckCMSssrqNwCkMyEQIm,2023-03-01,"$19,37",JOAO100,33145,Rejected
BUOclaZAmQVugtZLMitJ,2023-10-06,"$18,42",MARIA50,23122,Rejected
IFqzlAaXiElevWNQmyog,2023-09-22,"$14,09",ANA70,53421,Rejected
kqFOZpNvSTWsUrrswMfn,2023-07-31,"$7,37",JOAO15,53421,Rejected
fqxreZsWutcljciezYfK,2023-05-01,"$7,20",CARLOS40,31231,Approved
trIEuDRkwNHddqnmWTbo,2023-08-16,"$10,72",ANA70,23122,Approved
yHLYjvnhMuBhRDVvCvkm,2023-11-23,"$7,52",MARIA50,23122,Approved
gzZfIADEOorjMpfFiFPp,2023-09-22,"$10,97",MARIA50,23122,Rejected
skVUmEbwlpeidMqpKzSs,2023-02-03,"$17,01",CARLOS40,31231,Approved
qoKQPKODYVXKhVRAeIlT,2023-05-31,"$13,94",TIAGO70,23122,Approved
VXCQbKMlUzUeOTMXKBTi,2023-12-21,"$13,98",MARIA50,31231,Approved
YEpYcnHzAmbkYggSLieW,2023-08-28,"$11,14",TIAGO70,53421,Approved
mcElCsCJCfWnclMqePWG,2023-07-18,"$11,93",JOAO15,31231,Rejected
CDMcnvxYTGkuPnLGCuDo,2023-05-02,"$10,03",TIAGO70,53421,Approved
sYZZSODGMAhcXpUkLQUY,2023-05-12,"$19,95",JOAO15,34214,Approved
yrnxSdowUqEDMHkBvOpl,2023-01-04,"$13,92",TIAGO70,33145,Approved
bpJgLTcLrYPjmusLBnEV,2023-01-03,"$14,46",TIAGO70,31231,Approved
VvOdXxCbbRywgQcFBbwG,2023-10-01,"$9,51",JOAO15,31231,Approved
VBPLngXsXltfkBlffAVR,2023-04-03,"$19,65",MARIA30,34214,Approved
gjtbbKupqSmluzIvucAs,2023-11-10,"$10,86",CARLOS40,34214,Approved
SvmAELyCCUsessXyJowf,2023-10-09,"$16,96",ANA70,33145,Approved
NJDtGyZIdiuANeQTkcRt,2023-09-02,"$19,37",JOAO100,31231,Rejected
WjLfiGoNmonwhwRbokIZ,2023-06-14,"$10,95",MARIA50,34214,Rejected
AEdHYcBnXYMYvKCEoNrl,2023-03-23,"$17,24",JOAO15,53421,Approved
cEIoTDvoiXCceQlndbAm,2023-05-31,"$12,88",MARIA30,31231,Rejected
sRGRWcriCdOODiJYrOMB,2023-12-22,"$8,92",TIAGO70,31231,Rejected
llTemQRbeXiQEqNtywMc,2023-03-18,"$18,63",ANA20,23122,Approved
HKTXGllFtodrlsnxotnA,2023-12-06,"$13,69",MARIA30,33145,Rejected
igjdWJDfOieRLBEqwQnA,2023-12-24,"$9,06",TIAGO70,34214,Rejected
czSNMaIXFEHACCfpWgCS,2023-02-03,"$18,88",CARLOS40,34214,Rejected
idugLHspvKsnYtpQqkkW,2023-05-09,"$15,78",JOAO15,31231,Approved
dZITwYdqeucKySouJeWP,2023-06-18,"$12,77",JOAO100,23122,Approved
KpDrJnTWqjGAyYnHmagR,2023-11-22,"$13,45",JOAO100,31231,Approved
ZCOFEithXVqSfeGotNjv,2023-02-28,"$8,01",MARIA30,33145,Rejected
grYOCvzHBzViraQDVuSa,2023-01-29,"$19,21",TIAGO70,31231,Approved
tVgFAXObygiGwdvbNYgz,2023-10-24,"$11,21",ANA20,53421,Rejected
AeMAnLPjfTdMaosSooqY,2023-08-23,"$10,19",MARIA30,53421,Rejected
UtSeqEFvGIUYFPeMhGMI,2023-07-02,"$18,19",ANA70,31231,Rejected
whvROLkGVjTFkempjBNo,2023-04-28,"$9,82",MARIA30,53421,Approved
jVJmfFjOIVgbWgAbmNQG,2023-04-06,"$19,78",JOAO100,23122,Rejected
mCFgPYvzmZkrUsUQvell,2023-03-14,"$14,02",JOAO100,31231,Rejected
yjmHEixVAlsGvYBtcjGD,2023-07-03,"$13,46",ANA20,53421,Rejected
HZacnQpPHmRVThEibaMu,2023-07-12,"$16,53",MARIA30,23122,Rejected
lGAztHMwwEjjJzHOmXnI,2023-11-09,"$10,08",JOAO100,23122,Rejected
KcxCkLERlMuYDkGlIUDt,2023-10-16,"$18,30",JOAO15,31231,Rejected
MmasIDflwHPOigarUrhU,2023-12-11,"$15,67",TIAGO70,34214,Approved
nDJvCRjvMFhumWEDSbRJ,2023-08-22,"$19,63",TIAGO70,34214,Rejected
GglhsGbOEZMqWMLeCOLZ,2023-03-05,"$17,99",JOAO100,34214,Approved
zKJZRLORqeoNsDZFMkuj,2023-03-21,"$14,76",ANA20,53421,Rejected
qiUvcMBQvKHSTqvFdfgF,2023-02-10,"$13,45",JOAO100,34214,Rejected
EFPUWimZsKmwjTvQZsCU,2023-12-13,"$17,11",JOAO100,33145,Rejected
pDojISQninCZtzmyBtXZ,2023-04-27,"$16,43",ANA70,34214,Rejected
HCpBnnneIusjtHwQhhoo,2023-01-18,"$16,60",MARIA50,53421,Rejected
CvLJasXDrtrMhbnjieCA,2023-06-27,"$7,42",MARIA30,33145,Approved
soTxGoLEruNLqNkiolAI,2023-09-16,"$17,78",TIAGO70,34214,Approved
XnNwXlwGiOxvDOpKSwvQ,2023-03-17,"$12,92",ANA20,23122,Approved
kZkfqhwRRAqIdFjQsuEx,2023-09-14,"$9,33",CARLOS40,53421,Approved
jSMpUURIaksUxUyayEUh,2023-01-31,"$7,26",TIAGO70,53421,Approved
mQPzWXeSbzBbpcNLqObC,2023-10-08,"$14,11",JOAO15,31231,Rejected
XIormYpJUgmirWZdMgqo,2023-08-28,"$18,45",ANA20,31231,Rejected
OGcSHtTrMoUPCxoiiSiU,2023-10-24,"$12,50",JOAO100,31231,Approved
oIykCnwiPLMCBEMUPmiE,2023-08-06,"$7,73",CARLOS40,23122,Rejected
zkJAxovYhFXSNBzuYuNg,2023-01-20,"$15,58",MARIA50,33145,Approved
LpmLqEpAbUcjsACCqLPo,2023-10-12,"$15,31",ANA20,33145,Approved
bAdDQAnppamZFzAFtTWQ,2023-07-02,"$9,55",TIAGO70,33145,Approved
EWYkLcvdfZZHvXfHwZCl,2023-02-12,"$8,13",ANA20,31231,Approved
qJrKxkFCwZPxStwWdTTf,2023-07-14,"$19,31",JOAO15,34214,Rejected
uQIAjvDDQoCjptmrXGqj,2023-05-08,"$19,57",JOAO15,33145,Approved
piMAMSSEWzxSAsxxFyke,2023-06-28,"$9,77",ANA20,34214,Rejected
hebznrKjhUgMuGgiHbXG,2023-05-30,"$12,26",MARIA30,34214,Rejected
EmjVgMjOxgJRoZNxUGHd,2023-02-11,"$19,07",MARIA30,33145,Rejected
NqvndltqTZdNwteihJVs,2023-10-26,"$13,96",TIAGO70,23122,Approved
NTlQKVLlQBsnrokqoIfe,2023-10-25,"$16,55",ANA20,23122,Rejected
ZbqEszFUDrKOOsZqYggT,2023-02-26,"$7,54",ANA20,34214,Rejected
ksHDQRClXYkVGwnLeUJN,2023-06-03,"$16,56",JOAO100,53421,Rejected
blWnfDxTirPBagbxEoYF,2023-09-16,"$14,60",MARIA30,33145,Rejected
wLxHlMiQFpKLaxdqwsRN,2023-03-20,"$15,96",JOAO15,34214,Rejected
tVqqYSzLyZWwblNTcbuH,2023-09-30,"$8,34",ANA70,33145,Approved
XAzLSmHrnJvfEHuPkKjJ,2023-02-15,"$16,77",ANA20,53421,Approved
sQWkOrgvAXMhmrTAryUo,2023-09-28,"$9,42",MARIA50,23122,Approved
XBYaXvtIxdqFEchYVBLR,2023-07-26,"$7,68",ANA20,53421,Approved
KdnsQcAhgDIhcDsBZbis,2023-07-11,"$16,21",JOAO100,33145,Approved
sEshDyBmSFDWsXsxYuVr,2023-06-24,"$16,41",JOAO100,33145,Rejected
TLISsBOhzduhqJBrwAxO,2023-11-13,"$14,82",CARLOS40,53421,Approved
PJSLudREDaFshuhzqxuS,2023-04-08,"$18,28",TIAGO70,23122,Approved
yKOxVhGXBaYZaOkKgyAT,2023-07-28,"$16,61",CARLOS40,53421,Rejected
pfgsgEmtKBxNWyREWARH,2023-07-20,"$16,94",MARIA50,33145,Approved
tpsBDXvlivvdxgPrZhYO,2023-02-07,"$9,66",MARIA30,31231,Approved
RxDlEfPlaeNoFezVODAK,2023-08-14,"$10,99",ANA20,34214,Approved
vhVJYOoCUUjaebatVsxT,2023-02-12,"$9,03",JOAO15,34214,Rejected
rvhBxEczGECTJTpUPCmw,2023-03-07,"$14,39",CARLOS40,53421,Approved
TEjmLnJTimnSOwPncoaB,2023-02-01,"$15,89",ANA70,23122,Rejected
oDtoFuTYGrtmrsdKcnkd,2023-04-19,"$10,98",MARIA30,53421,Approved
LOSXRQCkGULYMhWUUCpM,2023-11-06,"$8,58",CARLOS40,33145,Rejected
quzguLeDFfvOcBQLpFWX,2023-10-28,"$15,02",CARLOS40,34214,Rejected
xUpliHlYrKHoFmRSrXUJ,2023-08-26,"$17,25",ANA20,53421,Rejected
xZCsMqonzxrQapZBhRCo,2023-11-28,"$7,13",MARIA30,34214,Rejected
LszBuSJJLRBLwBvJeGQi,2023-01-07,"$8,75",CARLOS40,34214,Rejected
fpbANTzRyKpJPitXKYdY,2023-02-21,"$9,05",ANA70,23122,Rejected
bMfpNBpcmNHRQGcrnjov,2023-04-18,"$16,28",ANA70,33145,Rejected
rDmJIrXpSZYKLEvXPndk,2023-02-21,"$13,65",JOAO100,31231,Approved
TwpkPcpfMQJfpEoTSHlD,2023-09-23,"$12,65",ANA20,23122,Approved
RnGsUZGYCqWBCDXSPUkw,2023-03-08,"$18,00",JOAO15,31231,Approved
GLdfCZXGWUrHwrmFjocO,2023-10-13,"$16,14",MARIA50,53421,Rejected
LsoTZVxIkRsJQOTVRuVd,2023-04-23,"$10,79",ANA20,33145,Approved
QneWVBOxQOqQfohXUjzW,2023-04-28,"$14,69",TIAGO70,31231,Rejected
eQcwuQQIMpfthwpuHIAt,2023-10-12,"$10,06",ANA20,31231,Rejected
wCDKveZRzWzbuGygLdwN,2023-01-15,"$14,87",JOAO15,53421,Rejected
vqrdlPIGKLFjDJQnQDRl,2023-04-30,"$19,50",JOAO100,33145,Rejected
bFoELABhhvfEtHEZQoDw,2023-01-05,"$15,63",ANA20,33145,Rejected
EmVdfCTMpYFzQOeknaMw,2023-03-27,"$16,40",ANA70,31231,Rejected
LnpBKKsVmOfptAQrcBxK,2023-07-24,"$10,60",MARIA30,31231,Rejected
eSswlDWpHSHoMsEWUKNS,2023-03-23,"$14,20",ANA20,53421,Rejected
YHmlpZmYAYfvNsOERjrB,2023-11-19,"$18,01",JOAO15,23122,Rejected
OCzJSjQuRjcUMiXKCfct,2023-03-27,"$9,37",JOAO100,31231,Rejected
fMDDRMQAuMWUElIooZxz,2023-06-22,"$10,17",JOAO15,23122,Approved
LcHEgghYttcKhuzwUtQU,2023-03-14,"$16,36",JOAO15,31231,Rejected
ztgpsTYBgBAMTgrqaIFV,2023-01-12,"$18,90",TIAGO70,53421,Rejected
IhSnzuXTpwKEFFBWoMmz,2023-11-29,"$11,12",TIAGO70,53421,Approved
AYvNIapPphHhBGYrHcyg,2023-07-24,"$9,50",JOAO15,23122,Approved
NfqOnASxuNuacdGGhPSt,2023-06-20,"$10,48",JOAO15,34214,Rejected
DBEcMxFDwWqkPhpsDBNb,2023-12-04,"$13,75",JOAO15,33145,Rejected
EMDqKjYgCPTUGcWGVagZ,2023-01-16,"$15,64",JOAO100,34214,Approved
rChYxoKNKVbNvpuTMNgo,2023-10-17,"$11,66",MARIA50,33145,Rejected
JisVdpGVNLCeYgrkjkYy,2023-07-31,"$13,09",MARIA50,53421,Approved
MREYZRHYvSOCRVnkHSHd,2023-01-13,"$8,58",JOAO100,31231,Approved
oYnWsXArtYshEnqVPIRZ,2023-02-19,"$19,96",ANA70,31231,Approved
NDQbmLVJWsjSIOTJLqyb,2023-06-25,"$13,63",JOAO15,34214,Rejected
QXKhJXgWGAIXQmBzogjc,2023-01-12,"$18,65",MARIA30,31231,Approved
JcnJhgNyHNlIlXswvzPL,2023-12-16,"$9,69",ANA70,33145,Approved
yQBZSSFyDscUPNbtclVi,2023-01-23,"$15,03",ANA70,31231,Rejected
AzFPQoulXltFpytrGuhJ,2023-04-18,"$13,79",JOAO100,23122,Approved
HbfVvLBkjKELzMNHPbko,2023-02-24,"$13,00",ANA20,33145,Approved
QagTCbzxtnEbnSpxZrSN,2023-01-18,"$8,52",MARIA50,23122,Approved
XlFBhdZaEviUEFLAQsuz,2023-02-12,"$13,15",JOAO100,23122,Approved
TlrlFrJPoXABTvSbetFD,2023-02-06,"$14,45",JOAO100,34214,Rejected
dDrHLWMMgdwvlUjljxcp,2023-07-22,"$16,98",CARLOS40,34214,Approved
mqlPZVENEOweeoKPYrdy,2023-03-25,"$7,04",MARIA30,23122,Approved
PYGlOcjZGeoLXalWdjPs,2023-03-05,"$16,16",MARIA30,31231,Rejected
emBGJBynxmMJTzfOBlLg,2023-05-09,"$16,53",JOAO100,53421,Rejected
SKNPIdYlIJLkrcskFjmo,2023-03-15,"$9,97",ANA70,53421,Rejected
uBrnYwjvNpFWmrEVQEAi,2023-04-16,"$18,84",JOAO15,53421,Approved
ElfWBgvpEzIHkPmHWWJi,2023-12-14,"$18,69",JOAO100,31231,Approved
njApjylsNkUmbHXCeJWK,2023-10-27,"$11,61",MARIA30,33145,Approved
XQWHqXppxUipWSYFBmfU,2023-02-24,"$14,44",JOAO100,23122,Rejected
YIKNPRBWkMVQjnSDwftJ,2023-10-21,"$16,85",MARIA50,33145,Rejected
EGHjBPHLLBBwJsWamLqw,2023-03-22,"$18,18",ANA20,23122,Approved
rOHobaJmquIjkGjjtIzg,2023-07-25,"$10,04",JOAO100,33145,Rejected
oLYBytDrwRzFbShmzNJH,2023-07-13,"$16,29",ANA70,23122,Approved
RpMLrypFYAkkbNMInkcY,2023-04-23,"$19,06",MARIA50,53421,Approved
XquGYEpzgrMHoZfHexkr,2023-09-03,"$13,23",MARIA50,33145,Approved
gLVTJSuyRHlmjzdbDBjo,2023-03-31,"$19,29",MARIA50,34214,Rejected
HasNWACOYGRuqGUnmTIX,2023-01-31,"$15,07",MARIA50,31231,Approved
qNHlhDxiepdiCpozdmLF,2023-03-24,"$13,39",ANA20,33145,Rejected
CZqTpXWUVuPxFOYIBYtM,2023-02-11,"$15,48",JOAO15,34214,Approved
AVDGMJaraZWzrJeYbtbP,2023-11-19,"$11,76",MARIA30,23122,Rejected
hhIJtTeuTRSEiESljeIC,2023-10-27,"$7,79",TIAGO70,33145,Approved
MqlcFUskGStpawNQVJOn,2023-09-11,"$17,57",JOAO15,34214,Approved
foEkrtRsXoPMYCNldzVh,2023-04-09,"$13,23",JOAO15,34214,Approved
WPuvGMxVbatQYnzluzvs,2023-01-17,"$9,09",CARLOS40,34214,Rejected
qrmlXJrqTspDCEidPKyu,2023-08-27,"$15,54",ANA20,34214,Rejected
KgJGWAlDsnATOeHClXGT,2023-01-02,"$15,27",JOAO15,53421,Rejected
mEsqNWAcdpUXQvalZOJL,2023-05-17,"$7,07",MARIA50,34214,Rejected
JrdZkwLYyyItAxXaiVHF,2023-12-21,"$16,65",JOAO100,31231,Rejected
hltQOouJgXffmcFFLCuT,2023-10-18,"$18,67",JOAO15,34214,Approved
DGOqorSqKxvzfabArMpD,2023-02-24,"$13,47",JOAO100,31231,Rejected
NtIQHJsMnYemaOxnPBfn,2023-07-02,"$12,18",MARIA50,31231,Rejected
ZfvJCyFciXWgLpDTBMqP,2023-10-13,"$9,26",JOAO100,53421,Rejected
OCxYVjQkCSeKVMWNCYyb,2023-03-06,"$14,73",JOAO15,33145,Rejected
IuZIcVRPwUMnKHbfWQOh,2023-03-20,"$19,51",CARLOS40,33145,Rejected
YLwEPwaMbcYiJduqGasK,2023-12-06,"$10,24",JOAO15,23122,Approved
tByCOthvdXvPAJbBNysp,2023-09-02,"$15,60",MARIA50,33145,Approved
XDUQugnhhXppGUblBkoN,2023-08-08,"$15,96",ANA20,33145,Rejected
AsxdsplrBNdmSCLmqLBv,2023-06-15,"$12,16",ANA20,33145,Approved
lRceKbANyGRrrvGcdkXy,2023-11-29,"$9,46",JOAO100,33145,Rejected
bHGNDiThnoALPAQsHwbi,2023-02-07,"$19,97",ANA20,23122,Approved
AzhGqXeDuZfJxOjINfka,2023-12-21,"$14,03",MARIA30,53421,Approved
ErVfUBpMQjfFZjPXHNkJ,2023-03-27,"$14,34",TIAGO70,34214,Approved
nFwHxLVsGGxSylorXqIE,2023-02-16,"$10,94",JOAO100,34214,Rejected
jVbSFKhJATqHLYYmdAZA,2023-04-01,"$11,32",ANA20,33145,Approved
ojVHFwKphLzsWoBHxSme,2023-11-14,"$12,65",MARIA50,34214,Approved
pNdnSRfxRMunnBSGlJZF,2023-03-04,"$8,50",ANA20,33145,Rejected
UaupLzLCxUWhfPJszKxJ,2023-10-08,"$13,76",JOAO100,34214,Rejected
qCIaCCvwUbNdRpwahmuN,2023-11-18,"$18,82",TIAGO70,31231,Approved
crLyMVtrfSkVBwKGjDSW,2023-09-29,"$19,29",JOAO100,33145,Approved
LVJyrjdtaDFVbJTlzCua,2023-10-01,"$13,86",MARIA50,31231,Approved
oiBICczfPjQiidFCpGZT,2023-08-24,"$13,18",CARLOS40,53421,Rejected
IGGsbJoAANIBMupJoaMP,2023-04-10,"$12,40",MARIA50,31231,Rejected
wrMcSmFRmbhdobmPbBFl,2023-10-03,"$10,37",MARIA50,31231,Approved
fAvzyVWkoiVhdOrfNgmb,2023-10-05,"$13,05",ANA70,34214,Rejected
LZYIoVHVIvgIbQrxruNz,2023-03-22,"$17,58",ANA70,34214,Rejected
JyzjgqzSrXdBgOhvnkhR,2023-12-15,"$14,12",JOAO100,53421,Approved
QgcpwezlLtfZJzPDbOTz,2023-04-10,"$8,01",CARLOS40,34214,Rejected
kmRKoUiNnVZbdAWZBVnG,2023-11-28,"$10,41",ANA70,53421,Approved
roTYXKVdzrfZmBgvOzDC,2023-08-11,"$18,29",TIAGO70,23122,Approved
YMwOUgtQDMQHmaAyKvno,2023-09-28,"$13,27",TIAGO70,31231,Rejected
KvQxZdSAdVgkPAeANMYO,2023-12-12,"$7,44",JOAO100,53421,Approved
NVXznAvFCEQMEVJLTqYF,2023-06-04,"$19,20",ANA20,23122,Rejected
QFeeipQZhfmIzCRcrvwz,2023-03-06,"$11,59",MARIA50,34214,Rejected
VylgajqUMosfYleMCISx,2023-07-21,"$15,19",MARIA30,53421,Approved
GeElZWNGFZMsLpSCOOQt,2023-07-15,"$11,96",ANA70,23122,Approved
PAcHWpuIxWqdwDOPiXNB,2023-12-27,"$13,68",TIAGO70,33145,Approved
OlkjKQllIhcanXvolybZ,2023-11-09,"$13,36",CARLOS40,31231,Rejected
VgahWiLWhqFaSBbZBtTb,2023-06-13,"$14,73",JOAO15,53421,Approved
abGmwVuXCOptlUssSANf,2023-11-07,"$15,37",JOAO15,53421,Rejected
PlXJdhUmBFUwOhwdELiV,2023-02-23,"$19,80",JOAO15,33145,Rejected
VyILXGnTuXWiBlBrwKzf,2023-04-01,"$8,71",JOAO15,23122,Rejected
SpTBGzvTvRZeGQGatJXq,2023-09-15,"$14,44",ANA20,23122,Approved
WmsjwWszihRyjWwQGyag,2023-11-17,"$10,71",JOAO15,23122,Approved
gAZQhgbQqctfrQUHhEZl,2023-06-21,"$8,34",ANA20,34214,Approved
aiQiSaBUQuvQJoUOURHG,2023-09-16,"$7,56",ANA20,34214,Rejected
gvBdcPGQoDjgoYlpgoqf,2023-11-24,"$7,14",MARIA50,31231,Approved
XASjzBxekMALLiJpOgEW,2023-12-25,"$12,33",MARIA30,53421,Rejected
vmYvGAkYZmaeaCrQtpqr,2023-09-12,"$10,98",CARLOS40,23122,Approved
mzKWNbrqelbffBPrkstW,2023-04-11,"$15,36",MARIA50,53421,Rejected
mCdWmNGVHJQXWKtReRhz,2023-08-13,"$12,31",ANA70,53421,Rejected
stshxoeFwHLIlhfKPDCW,2023-05-13,"$12,33",JOAO100,33145,Rejected
QGkYTjNmegsPWbXfapJY,2023-10-29,"$10,36",CARLOS40,23122,Approved
luBZnBdDKAmVqUndtAMJ,2023-07-23,"$9,91",JOAO15,23122,Approved
BuHSorcEsZNSLpNNHenw,2023-02-24,"$10,33",ANA20,34214,Approved
sidckBvYiNTPOPMcpfCx,2023-01-08,"$18,59",ANA70,31231,Approved
DwVPTZyZpBePoLAXguQn,2023-01-08,"$17,26",JOAO15,31231,Rejected
SixqhGUwFleiZNBMpuAT,2023-11-25,"$15,26",JOAO100,53421,Rejected
IHGmEAFBUJbEenwFChwE,2023-05-24,"$14,36",MARIA50,53421,Approved
ryOSxBYDNClSGCSXCRap,2023-01-28,"$16,49",MARIA50,33145,Rejected
vnDfkYtEhGpNATFJIlro,2023-12-10,"$12,18",MARIA50,33145,Rejected
BUEQQvoxawgFEGBazxUJ,2023-01-20,"$12,48",MARIA30,31231,Approved
vejAfvPqeIHyIPtQFwUi,2023-06-25,"$19,46",CARLOS40,23122,Approved
ploonKJNBGefyMYqEDWH,2023-09-01,"$8,69",MARIA50,53421,Rejected
cxtRvdGFmkHzvtsszFnh,2023-12-01,"$15,29",MARIA30,53421,Rejected
rpzZoqUrotmrNkSOzeiu,2023-12-23,"$8,28",MARIA50,23122,Approved
cEmQyxHlbwnNMmxBwxKP,2023-10-15,"$10,38",TIAGO70,34214,Rejected
vmCwJeqbVnkjucMICDrT,2023-10-27,"$13,07",MARIA50,31231,Rejected
uMOBHGQPbdcahUTozZYX,2023-03-22,"$10,73",MARIA50,33145,Approved
saXGGrzeuTarVTLodIUx,2023-03-09,"$13,42",CARLOS40,34214,Approved
zaPJCuopwmjudWRvduZs,2023-07-14,"$15,77",JOAO15,33145,Rejected
jKHBnSMRfQvvLofBIiXm,2023-02-28,"$8,52",MARIA50,33145,Approved
GVpdnkgpazRloZyGymFM,2023-09-29,"$18,47",CARLOS40,34214,Approved
HEFBxWYJCkyrGKBXaRpF,2023-09-10,"$13,27",MARIA50,53421,Rejected
hxsWYzWfkufEKMrlsEFA,2023-09-29,"$13,43",TIAGO70,33145,Rejected
YQNktfyibbfWYZeysJPd,2023-02-12,"$13,02",CARLOS40,53421,Approved
qxdDrRALRdEdWWaDiOny,2023-04-02,"$17,32",JOAO100,34214,Approved
dCaWMkawVBbEXJhzaqDz,2023-04-02,"$19,85",MARIA30,53421,Rejected
GghCAJgipYYIefNQuquX,2023-11-14,"$19,88",TIAGO70,33145,Approved
hZSGUySfEKrJbNolVMSV,2023-09-09,"$15,12",ANA20,31231,Rejected
EyXFtBoTcQoUpbCiyWMq,2023-04-22,"$15,45",MARIA50,53421,Approved
mzhBulcMVMACRVKltAON,2023-02-06,"$9,47",JOAO15,33145,Approved
ntPCWIhtNmZAIxzkDzQo,2023-03-19,"$16,05",MARIA50,31231,Approved
PcemyasfkVWbeyXnDbst,2023-11-21,"$18,52",JOAO15,23122,Approved
EhOSQvQwFfnGxFkiNfUV,2023-08-08,"$11,70",ANA20,34214,Approved
uLfaQuzssJOdDmtSILOh,2023-12-04,"$19,67",TIAGO70,34214,Rejected
kdqSdipHAzYTbxkKkDDR,2023-11-18,"$16,68",MARIA50,53421,Rejected
xjFmJPlDxgcLMIJFcUmM,2023-10-20,"$11,06",ANA20,34214,Approved
ToXfCXvewINYRFCnOGyR,2023-01-30,"$11,03",JOAO15,53421,Rejected
qvtsVieudmngAGJyuefc,2023-09-13,"$13,27",JOAO100,23122,Rejected
ZjnEDkZWYwKFkDuvPGnR,2023-05-25,"$13,37",ANA70,53421,Approved
kPRxVgsIRbMXvtTYIJMg,2023-09-15,"$7,45",ANA70,33145,Rejected
fSaYJxbsKLhbVGKvnADU,2023-02-09,"$7,93",JOAO100,31231,Rejected
XfbxbUATObCIBBZBBskm,2023-06-15,"$13,75",MARIA50,23122,Rejected
ObxwwLSnArULGtMGXFvW,2023-03-21,"$13,39",CARLOS40,31231,Rejected
nyizomwGLuGhUFFaBbjK,2023-11-30,"$16,01",ANA20,31231,Approved
HMyAaakyWYQISibWcbZw,2023-07-21,"$11,55",ANA20,31231,Rejected
WKpcVSlOhfhBeuvcHwFN,2023-02-08,"$9,09",JOAO15,53421,Approved
vzRycjCPlwzeTfqYWuMK,2023-06-28,"$11,91",JOAO100,34214,Approved
AeciXHBOlnDjzKWFconN,2023-02-25,"$7,02",MARIA50,53421,Rejected
pZqbafRnnkuXCqEOniSK,2023-04-20,"$9,05",TIAGO70,33145,Approved
aLnFwlNoUnDHVvdUUavp,2023-12-20,"$14,87",JOAO100,31231,Rejected
efkANbIUmNIpEempqwWj,2023-09-16,"$8,01",CARLOS40,31231,Approved
JCUgRLYeoOILEtTYYOWO,2023-07-18,"$9,65",CARLOS40,31231,Rejected
wZPwguuQTspbRdoTTQwo,2023-06-06,"$11,91",MARIA50,33145,Rejected
KdeDhPKKejTvhKAKNefA,2023-06-23,"$12,15",ANA20,34214,Rejected
jJUATujjSLclzkfPFldg,2023-06-15,"$15,18",CARLOS40,53421,Rejected
WNXfbBFBRxeKwUtDBxZf,2023-04-17,"$15,27",ANA20,31231,Rejected
jwVAhveemlEXsoDOAYVg,2023-09-25,"$7,28",ANA20,33145,Rejected
CFqYFUJRXYIGgYGnfFTr,2023-05-03,"$19,53",JOAO15,33145,Approved
eekWipOZkDbIIdzUVmQV,2023-01-20,"$19,11",ANA20,33145,Approved
wHrLMBzxHMkCLAzmBBWA,2023-08-05,"$13,98",MARIA50,33145,Rejected
IAQlvumYjWwduuiQvRtC,2023-05-11,"$11,65",ANA20,34214,Rejected
mHAzGNXPPuBSzIjvYbbr,2023-03-10,"$7,04",JOAO100,23122,Rejected
PpSUoVROmCFJQBAIQBpF,2023-05-01,"$8,65",MARIA30,31231,Approved
ixWaTLTxUzjlkMazokro,2023-01-06,"$10,93",ANA20,31231,Approved
OnsOlRCdETDsleSmTKIF,2023-03-09,"$18,92",CARLOS40,23122,Rejected
VYcEkEHVbGQFuPgyzyff,2023-11-08,"$8,35",JOAO100,33145,Approved
grvxlmTyvWBPqIMyGMFn,2023-09-22,"$8,96",CARLOS40,23122,Approved
ZALGKmYTbRJDpeBtpRyf,2023-11-14,"$15,22",MARIA50,33145,Rejected
ohKctNmFUVyqOUxrOPNH,2023-02-27,"$19,40",MARIA30,34214,Approved
vhFmFZbCabmDlbRHnruo,2023-10-28,"$16,82",MARIA30,31231,Approved
YXnGzIvtiXVkWMOmvlyn,2023-01-18,"$19,77",ANA20,34214,Rejected
NFHAGMIXKRnKBbjoCHDh,2023-03-06,"$9,14",MARIA30,34214,Approved
OMXzqZkALjlWACresHTr,2023-07-17,"$8,31",CARLOS40,34214,Approved
eHJqavBNlujEtdHTNUDI,2023-08-10,"$13,22",CARLOS40,31231,Rejected
dtEGIvwytSILiITwXzMt,2023-02-22,"$16,22",TIAGO70,23122,Approved
dyXYOrsMIheWtlgBMKeh,2023-06-29,"$11,38",JOAO15,31231,Approved
pmkJHYXqqcuneRjFyTOn,2023-03-29,"$17,27",MARIA50,34214,Rejected
OzmmTpdslejQWWkWcRBz,2023-08-13,"$11,35",ANA20,34214,Approved
EFVgPvUkYzAwNEIsKSiW,2023-08-20,"$15,67",ANA70,53421,Rejected
BKoGDdjyDaQUqvySlPCP,2023-04-27,"$16,61",CARLOS40,34214,Approved
imOggigTnfiiFQVCBPKO,2023-02-09,"$17,70",CARLOS40,53421,Approved
vnIIZZBqtBorwfPrKvpw,2023-08-17,"$16,80",TIAGO70,34214,Rejected
GNivFTCqKNmBZISFlrUj,2023-09-04,"$10,81",JOAO15,33145,Approved
JMYGrKngaKnbkGlBvbPc,2023-04-01,"$10,56",MARIA50,33145,Rejected
jrtKmFjHHKqzVRCvZIMp,2023-02-17,"$9,25",MARIA30,53421,Approved
eZTKiuPtnQmXhvssTbgy,2023-11-23,"$17,84",JOAO100,31231,Rejected
OTITclBzhfOXYSfsNdbc,2023-08-29,"$19,77",JOAO100,31231,Rejected
JSfUySFHkRluiGomjvHO,2023-08-08,"$13,64",TIAGO70,23122,Approved
RPvVkdauCTgXLfPdkgKL,2023-09-06,"$16,17",CARLOS40,31231,Rejected
JxWkzOdXjMxJcIzaXxKU,2023-06-05,"$18,22",JOAO15,31231,Approved
SJhAvHFJcyRRuwtVaWki,2023-11-02,"$15,27",MARIA50,23122,Approved
vWSEccvFTuNGKydZUHuC,2023-05-22,"$16,39",ANA20,23122,Approved
YnYlwWURWupDDLktWmCg,2023-10-04,"$13,85",CARLOS40,31231,Rejected
cjYzaUpJMkDZIkuYYHRm,2023-05-08,"$11,19",ANA20,34214,Approved
mHgHMRxMpHHQMoHnPwvS,2023-03-04,"$13,88",CARLOS40,23122,Rejected
OBCIKsMcQOWCNxxofoSM,2023-04-26,"$8,31",JOAO100,53421,Rejected
rMxqnXHcaQlZKSNXoyEr,2023-10-11,"$18,47",CARLOS40,23122,Approved
FQFKtcjZJqANCsxQYtxZ,2023-06-23,"$18,77",TIAGO70,23122,Approved
krkFENxMzaJaKBaFqZqx,2023-12-13,"$11,83",JOAO15,34214,Rejected
MsdvxQYpYJYZEvAvbgCm,2023-04-19,"$7,24",TIAGO70,34214,Rejected
rboHjDDLUowJslnMFdsp,2023-10-16,"$14,44",CARLOS40,34214,Rejected
mwdtTShjWKxaahSHkJFp,2023-04-23,"$9,44",CARLOS40,33145,Rejected
ctmLjwKeKFwqPVLPdtxz,2023-01-11,"$17,90",JOAO100,23122,Approved
JUWbxuqibEPujUxsQQCf,2023-03-22,"$8,40",ANA70,53421,Approved
DSKNyeTyuOOwHsievWYA,2023-10-28,"$17,07",JOAO100,33145,Rejected
glfghNdRlRKbCqaPdUJD,2023-09-29,"$11,08",JOAO15,33145,Approved
paNvEIhdJpuYaqpJSsON,2023-09-03,"$10,99",TIAGO70,31231,Approved
aewxbMutxquQgXEQvDPK,2023-08-07,"$15,09",ANA70,23122,Approved
GqkkptNAFBXetRdnwYwU,2023-06-15,"$7,91",MARIA50,53421,Approved
TNrHooTqrQSDDSxRpSrt,2023-09-10,"$14,56",JOAO15,23122,Rejected
AwKTNUDwNppVwcAtesnu,2023-06-13,"$18,97",JOAO15,34214,Rejected
TWIwjIawglqSpzRhrbRj,2023-01-21,"$12,76",TIAGO70,34214,Approved
KZpuEvkLacyNPVPHAVtg,2023-06-11,"$9,41",TIAGO70,31231,Approved
nFcrIwLFMnbwgpdyvWXg,2023-04-17,"$7,05",JOAO100,33145,Approved
UQjKgTVysZnjXhtcbehz,2023-01-31,"$8,16",ANA70,23122,Rejected
RivIwmUSAzsmfBIEYffY,2023-08-11,"$9,71",ANA70,53421,Rejected
jCJxIpuwoTMEsjRHShBA,2023-07-15,"$17,71",CARLOS40,53421,Approved
UJxSNBmvqbVHGisiaVZi,2023-12-20,"$15,16",CARLOS40,34214,Rejected
nYHQoaMgkgmvXZPnTWOX,2023-10-26,"$9,98",ANA70,53421,Approved
LrfFNKTwblmNjqRdhzKP,2023-11-17,"$9,13",TIAGO70,23122,Approved
nrVGDtUsWEAsZPuIRsrB,2023-11-24,"$11,27",ANA70,33145,Rejected
XptZZjtUXnBXZlLFrKoE,2023-01-06,"$9,35",MARIA50,31231,Approved
qVaZjlKIdQVWeqYYHMmx,2023-09-03,"$18,14",MARIA30,23122,Rejected
qjnEtuXVSjQaqchioadt,2023-06-28,"$10,70",MARIA50,34214,Approved
hDbnUyELoBHldMmEtbon,2023-08-02,"$9,29",CARLOS40,33145,Rejected
pwCOVUvBVAciTQzAbeoA,2023-09-18,"$19,34",JOAO100,33145,Rejected
RkvWZzeaFZYhnEJnwrjz,2023-03-27,"$14,37",ANA70,34214,Approved
xsKOlSxReOfmJoZiNnUQ,2023-01-30,"$12,44",ANA70,31231,Approved
eZlebqpOuJeRETbXzRyR,2023-05-17,"$19,14",JOAO100,33145,Approved
JntRjUsetzlLNoNsVQdP,2023-09-08,"$19,56",JOAO15,23122,Approved
AeCShSzfTXhURYqeNwYo,2023-09-29,"$13,42",CARLOS40,34214,Rejected
CGQpXujwvTfoNyxBQeRP,2023-05-29,"$19,58",TIAGO70,33145,Rejected
WceTTGMCpmPYeQfcLEQt,2023-05-09,"$9,83",MARIA50,31231,Approved
TcuwXpjVwHLUedWqzItQ,2023-05-20,"$19,94",TIAGO70,23122,Approved
EZtMpSZKYqILeTrGwldL,2023-09-11,"$15,26",TIAGO70,34214,Rejected
nrrhaEASDPTKRtcWCWHQ,2023-02-03,"$7,77",ANA70,34214,Rejected
xxzUHvYtyiSHmghZXfbf,2023-01-25,"$18,35",CARLOS40,23122,Approved
WlzpcxKeqMmsRqRXasky,2023-05-04,"$9,02",MARIA30,34214,Rejected
vRhdkEqJEjIYeeCLQRmx,2023-12-29,"$19,28",ANA70,33145,Approved
mnjaftkenuzLMwZHXlBr,2023-06-28,"$14,63",ANA70,53421,Rejected
oLCJyBmcgAzFcgxEWKzO,2023-07-18,"$13,93",JOAO100,31231,Rejected
fXysjpWcQlziNZoytTqB,2023-09-16,"$14,93",TIAGO70,53421,Rejected
LwFBpSqmagyaFWfzIhDl,2023-10-21,"$15,42",MARIA50,23122,Rejected
GBYXQfOyoQqgKWtepcDT,2023-10-08,"$18,69",TIAGO70,33145,Approved
VeEOcFxPerzdvFlGxduD,2023-08-25,"$18,51",MARIA50,34214,Approved
RkmQGkrcafvhmMaASuNR,2023-12-12,"$9,11",MARIA30,31231,Approved
fXtBzrccOgabtVshrjJr,2023-10-03,"$9,42",CARLOS40,31231,Rejected
LuHjipKSUvSKHvOJdZgh,2023-09-13,"$13,95",MARIA30,53421,Rejected
DAGSKhsFaozyiXsyOCpI,2023-05-30,"$15,85",ANA20,33145,Rejected
AICQYHTJEwGPCYjoSENZ,2023-12-16,"$10,14",JOAO100,31231,Rejected
nqSdRQKvIQweHRJvAPgG,2023-10-13,"$13,71",JOAO100,53421,Approved
NUvnqClYsXsbtLVnBaTd,2023-01-02,"$7,81",JOAO15,31231,Approved
ykpFhfjEASqstzsSOKRB,2023-10-03,"$8,43",ANA70,33145,Rejected
ZwePVYDBstjclcjNKkJY,2023-08-05,"$8,13",CARLOS40,34214,Approved
WwecgahFJJmxgllJUbjf,2023-05-08,"$8,03",ANA70,53421,Approved
DJenocuYDPteOkcSlyMG,2023-05-17,"$18,08",ANA20,23122,Rejected
gZGUBLFLHmvFjqhXtOhg,2023-12-13,"$18,87",ANA70,53421,Rejected
yFjqTmbZTgzcFvWkRxjg,2023-02-20,"$13,73",MARIA50,34214,Approved
fyhSxsjoZTGgZpJGiXNB,2023-08-10,"$8,07",MARIA50,23122,Approved
jLbKYCJMMZEoGeCPdAoM,2023-07-29,"$18,29",ANA70,31231,Rejected
WiNOnOxevHcMGDJsTVIn,2023-07-13,"$14,96",ANA70,23122,Rejected
aFVwVrmFzRNOYexUFZoq,2023-04-21,"$8,43",JOAO100,31231,Rejected
KoWZveSnPHXkRRyfrVzx,2023-04-17,"$13,83",CARLOS40,33145,Rejected
OGWikHeLYqkvErPUNEnU,2023-10-03,"$10,54",MARIA50,33145,Approved
hLALJLfsvzsxkyQVaJVl,2023-09-03,"$7,29",JOAO100,33145,Approved
piaSyvFAYmDZqXnMaRIe,2023-10-23,"$12,25",ANA70,53421,Approved
nLktDKDrsvwVfKsqvJUh,2023-03-14,"$14,43",ANA20,33145,Approved
HRAaELAKjBaWyXTWUpol,2023-01-30,"$12,52",MARIA50,23122,Rejected
sjUrOymkajYuZMjVrvxW,2023-06-17,"$15,95",MARIA50,53421,Approved
gbPTsGywTSjZHLkpDqnE,2023-11-13,"$13,53",CARLOS40,31231,Rejected
gsSRxJXwNZXuxZJfKMzn,2023-04-10,"$11,77",ANA70,23122,Approved
NrAohdleEmHqlwCGVtBJ,2023-03-26,"$16,28",MARIA50,23122,Approved
kIGHJEuxlCwSciZzTMmY,2023-11-27,"$8,53",JOAO100,34214,Rejected
rUTseRzOcXszHiJrzzwP,2023-10-08,"$7,97",TIAGO70,33145,Approved
dqFQkrJbeVkQluPyyZVD,2023-03-25,"$11,14",JOAO15,23122,Rejected
lsPbdPcqeriYZcUHDVyS,2023-06-08,"$15,23",CARLOS40,53421,Rejected
NewAlfriEtwlOeHpgDrO,2023-09-11,"$10,34",JOAO15,33145,Rejected
mjogxOteAWVWmrEuHtCl,2023-07-09,"$19,63",CARLOS40,53421,Approved
ScFBudbyrlCvvjuZMnSm,2023-04-07,"$8,68",CARLOS40,53421,Rejected
njNDAXrRDEfWVMXYCpkK,2023-07-26,"$18,34",JOAO15,34214,Rejected
dmmAWCPZDFgakXIHAwlc,2023-08-10,"$14,55",CARLOS40,33145,Rejected
BpwKvrAcKyVEfOiHDgSS,2023-04-22,"$17,30",CARLOS40,31231,Rejected
SVtKEqpcwgckzoaaOLhS,2023-12-08,"$12,31",ANA70,34214,Rejected
SnhYISaRYVbwcMNYmgtF,2023-11-10,"$16,05",JOAO100,23122,Rejected
JctUYXVTgfJuQBVdGBha,2023-12-30,"$11,07",MARIA50,31231,Approved
wyojEiTUgRJKFrbUWsyv,2023-09-13,"$9,30",ANA70,31231,Approved
WqhRQoWxRFKzKsojNwYA,2023-06-10,"$16,75",ANA20,33145,Rejected
brbofBCZgjxbuHRtrkqQ,2023-05-10,"$18,58",MARIA30,23122,Rejected
ntnpYISafhMBPMxOxnWC,2023-01-26,"$14,98",TIAGO70,23122,Approved
FrAHfOpNYHyHwRpGvwLJ,2023-03-12,"$8,40",CARLOS40,31231,Rejected
zDOaQxzAyeRdEesAzitP,2023-06-20,"$16,56",JOAO100,31231,Approved
WDcsrjaNtTxfSvNFpbkp,2023-12-08,"$9,94",MARIA30,33145,Rejected
hbTJikUeyPaDVezYQZDS,2023-03-22,"$11,17",MARIA30,23122,Rejected
tnaRMoyNQunVmFSxjkOW,2023-07-31,"$14,62",MARIA50,53421,Rejected
FKuzywFzThMuvdNuVgLy,2023-09-11,"$16,96",MARIA50,33145,Approved
kIPwCnfpuYiSuXeAYuyw,2023-11-02,"$15,76",ANA70,34214,Approved
fBukBaAMHocILkESOEot,2023-12-30,"$8,18",CARLOS40,34214,Approved
nqsePumMqlafYaJTgRJt,2023-06-21,"$10,77",TIAGO70,23122,Rejected
HEbhJYQwEfYojePfTNei,2023-11-16,"$11,23",ANA70,23122,Rejected
wjMVANtTMqFymxlaQrCi,2023-01-04,"$17,45",MARIA30,34214,Rejected
kcMMXOhrZSWrUpmmgQSz,2023-09-03,"$17,53",MARIA30,34214,Rejected
yMwDKqubVxPdXnxkgYsY,2023-04-12,"$8,69",TIAGO70,23122,Rejected
bHTIRxRwMJlKmtpMHeHq,2023-08-22,"$15,24",TIAGO70,34214,Approved
QTXsLxajDxZlZcLpLDbZ,2023-01-07,"$10,58",JOAO100,23122,Rejected
xppUhqRLVtXxXAlihNGw,2023-09-13,"$8,57",CARLOS40,33145,Approved
OivyCruUqifVTndIwsOL,2023-04-25,"$19,20",TIAGO70,53421,Approved
NOmfjCflMWJEXUQvsClK,2023-03-17,"$10,14",ANA20,31231,Approved
BcFqupJPZycjnBQIbwiY,2023-06-22,"$15,71",JOAO100,33145,Approved
cOcqimraDlXthUDTJNAq,2023-05-08,"$19,24",TIAGO70,33145,Rejected
gqSDJqdmnverhWhbeasR,2023-12-14,"$14,14",CARLOS40,33145,Rejected
pDsIrfSpDyqqmKTqAFGR,2023-10-12,"$14,23",ANA20,23122,Approved
NyppwrbNbnBgoifGIEku,2023-05-21,"$14,85",JOAO100,33145,Rejected
PslPfUeCYxUHrLFYfhBw,2023-01-12,"$16,50",ANA70,31231,Approved
uoHIJcVGwrmFqutmjPbJ,2023-12-24,"$14,08",JOAO100,53421,Rejected
MWoejuBlNAPsjYZDJwLu,2023-09-07,"$12,93",CARLOS40,33145,Rejected
rZVnyxVQSJKVxkHcsywY,2023-08-04,"$10,51",MARIA30,53421,Rejected
AGNjlCQKntfWgjMetrlO,2023-05-16,"$18,28",MARIA50,23122,Rejected
aZnnYojNNPtgbwzwXwsD,2023-10-07,"$11,55",MARIA50,23122,Approved
oPWZMPPJmKSPxWkCwCnv,2023-10-04,"$17,06",MARIA30,31231,Approved
iRkOZQuAVNdQekkSGtyX,2023-10-17,"$12,91",JOAO15,34214,Rejected
fgiSjbDiffzeUqipNdZV,2023-06-18,"$7,92",MARIA50,53421,Rejected
kouwwbaZJWRDsyHPLzIZ,2023-03-26,"$17,08",JOAO100,31231,Approved
osYFenmhjmQUWlxFIXsD,2023-08-08,"$17,20",CARLOS40,33145,Approved
rqBnMlptkhbOzITLSiRO,2023-08-21,"$7,19",MARIA30,33145,Approved
MCmmQmjReBIwzQUsgzjy,2023-11-08,"$15,59",JOAO15,34214,Approved
giEhYlApbPXtTDFAbYZm,2023-11-12,"$17,25",MARIA50,33145,Approved
IJKpfLebFnjDHWIiVauB,2023-12-12,"$16,82",MARIA50,34214,Approved
QFVCPbheNJuVdPuhhSvH,2023-03-21,"$15,96",JOAO15,33145,Approved
fPUEfZgJXsSymAtZcOPh,2023-09-30,"$8,38",JOAO15,31231,Approved
dupAzVLUqtuXTGlanElI,2023-04-05,"$19,92",TIAGO70,34214,Rejected
XOuoKKEkkWJualgknBsU,2023-01-21,"$8,03",ANA20,53421,Rejected
zbinPTRpkGNySHJBvMqZ,2023-10-23,"$15,51",JOAO100,23122,Approved
tSSWecNWMrnPXWStawhm,2023-05-07,"$18,57",JOAO100,33145,Rejected
DvcZqRzTvxxzGrEDkzTz,2023-03-11,"$10,20",ANA20,31231,Rejected
pDNJcUFcZbOlmMxKlMhc,2023-05-07,"$10,49",MARIA30,53421,Rejected
sumFjdzjbseXugvMAdbb,2023-03-16,"$16,38",CARLOS40,33145,Approved
uAceCxWFKeeFjHHuNFxA,2023-03-18,"$11,83",ANA70,34214,Approved
xWnrtCCJKnnWBElSfCXM,2023-02-21,"$15,78",MARIA30,34214,Rejected
ZrOKhQrnVJhZtgLBilts,2023-01-18,"$9,47",MARIA30,53421,Approved
dzbnkNkHsfNepGHqPTao,2023-04-29,"$17,16",JOAO15,31231,Rejected
CrHbYFkxFFKLjpgvabUJ,2023-09-23,"$14,90",ANA20,23122,Rejected
QYEzhezpjBZzTcQDlKSI,2023-10-13,"$13,99",CARLOS40,34214,Rejected
iTMdvWMwtUkdNGMZMHVJ,2023-08-21,"$16,80",ANA20,34214,Approved
puvsZcwSXcPTyyLVBaxh,2023-05-21,"$14,57",MARIA30,33145,Approved
aspTmbSJLpfPjgcojCsj,2023-06-10,"$13,14",MARIA50,34214,Rejected
fJLTnoHoonzXRNjTAFwn,2023-07-07,"$18,80",JOAO100,33145,Rejected
SYzxQUdciVqnvMIGRLvJ,2023-10-21,"$7,58",JOAO100,53421,Approved
dLcSenSYcaebZggnyufT,2023-12-29,"$8,28",JOAO100,31231,Approved
sWfoOYtKxDFxZMmiJVkI,2023-09-22,"$8,59",TIAGO70,23122,Rejected
lyhHsMlRuaWWHthGaPUD,2023-03-29,"$13,79",MARIA30,31231,Approved
kcWDcLQcAOJnArITSnxY,2023-01-02,"$17,34",ANA70,34214,Rejected
gjunTJQZpmGabKoGMmqQ,2023-04-13,"$12,69",ANA70,23122,Approved
cZFPaSudJvfLAszDIhTr,2023-11-27,"$18,18",CARLOS40,23122,Approved
dMGRxhgiNwYOQhXVwSdh,2023-08-13,"$13,96",TIAGO70,53421,Rejected
gvMYITTayUPCwzOtFlgD,2023-06-10,"$13,49",ANA70,34214,Rejected
OnBDIktIErWDhehKFZiI,2023-05-05,"$12,31",ANA20,53421,Approved
oHXgzfLMRycBMvxvjuVn,2023-02-18,"$17,98",ANA70,23122,Rejected
SNXRLYGvPzanjozDETho,2023-01-22,"$8,94",TIAGO70,23122,Rejected
OGLiNlnkXDFzONJvEHMS,2023-10-18,"$11,88",CARLOS40,31231,Rejected
HzRIwjiLNDcLgUzQeEKJ,2023-06-16,"$17,07",CARLOS40,23122,Approved
JBthfmVutmviUcguNfaG,2023-01-28,"$16,69",MARIA50,33145,Approved
XBbHtwVQsempDFWtNUtd,2023-10-13,"$18,62",CARLOS40,23122,Rejected
FhoImaKjWeWxatomNwMf,2023-03-31,"$10,52",MARIA50,53421,Rejected
seYkCvWwljFavUqAMWoZ,2023-08-20,"$19,23",JOAO100,34214,Approved
HtIEiFiTHnXJeWshwdtH,2023-01-18,"$14,40",MARIA30,23122,Rejected
IwLbpgSRyZvebSHRPiXD,2023-03-18,"$18,08",MARIA30,34214,Rejected
UTkvxAqXQbVJuQCQizXu,2023-10-01,"$10,35",ANA70,33145,Rejected
CTZfXbtejvZXroRisfBN,2023-08-02,"$14,59",CARLOS40,23122,Approved
skpwJVQKhgPoQNfvmsNS,2023-08-12,"$19,47",ANA70,23122,Rejected
JZLjidNkWzmXqHFBIgqp,2023-08-21,"$10,64",MARIA30,53421,Approved
EUbGkBGTwrgWuPxrLirK,2023-01-07,"$8,72",JOAO100,23122,Rejected
nDVZEmZJxazJclLFgpuC,2023-08-04,"$11,94",ANA70,23122,Approved
jYZFqFqWGyWWLvnxKeRW,2023-12-11,"$10,31",JOAO100,31231,Rejected
aCjomDjjBYvlQoCNktzb,2023-09-23,"$10,42",ANA20,31231,Approved
JLTTMBpLkFhRlzwVcVOH,2023-06-12,"$7,38",MARIA50,31231,Rejected
qLYYXZeWreplZMwBDGnD,2023-04-22,"$15,78",JOAO15,33145,Rejected
ndrpBLEDSAOWiixqvciS,2023-09-26,"$10,15",JOAO100,31231,Approved
suUZupThtxDOXVtHIkHs,2023-08-21,"$19,59",ANA70,34214,Rejected
CoiWYoFBkTrOmEQzqtOL,2023-08-08,"$18,67",TIAGO70,34214,Rejected
mKMsBSyAAtZUeZEhIExM,2023-06-30,"$7,57",JOAO15,23122,Rejected
vlFiSdKinRKsVpRvXCMa,2023-11-18,"$16,62",TIAGO70,33145,Rejected
KvIrhVtNtmdUrcQbuyNU,2023-05-06,"$12,28",MARIA30,23122,Approved
yUljLwstwIKNxQqTTkwQ,2023-04-21,"$17,17",CARLOS40,33145,Approved
BDlsdkcHnUQGgWXLiuwL,2023-02-27,"$18,47",CARLOS40,34214,Rejected
AObHpjDVWhnprwiHFyHu,2023-08-22,"$19,03",ANA70,31231,Rejected
DSGTwEIJzSsNWqjtMhUY,2023-01-31,"$14,27",ANA20,23122,Approved
WOTeuoioLnorRKOSTNDn,2023-07-26,"$11,08",ANA20,34214,Approved
UHbwsDCnjFWQXtSdApOn,2023-09-29,"$7,01",CARLOS40,34214,Approved
rdKNWJwAqflSEFpHYdlf,2023-10-22,"$19,57",JOAO15,33145,Approved
ieAXpeNRZmOzbBBMVtiY,2023-07-14,"$11,66",JOAO100,31231,Rejected
pIIExQBjZqFQaYWsFqvm,2023-08-22,"$15,14",MARIA50,53421,Approved
BEORDZdlpHyWXxysDPPH,2023-06-19,"$19,18",MARIA50,34214,Approved
erYdRUSIdcnHbmPlpivx,2023-05-30,"$12,68",ANA20,34214,Rejected
QRnQlOrhhkzhmxdbaBlp,2023-03-11,"$7,36",MARIA30,23122,Approved
dIVlhpPxuEXRTSxtZyCn,2023-08-13,"$7,24",ANA70,31231,Approved
ziIHvVYfMtLQkVnWVnLM,2023-02-23,"$16,25",ANA70,23122,Rejected
mNfNrKGEXMVVwRWpDPfL,2023-04-15,"$8,65",JOAO15,23122,Rejected
irDmtBccQGQbjPYskaTM,2023-10-15,"$10,68",MARIA30,31231,Approved
ZXaihcxbWrMxtVEeXHgk,2023-06-17,"$8,89",JOAO100,34214,Approved
xjoueyVvSHFGXdBfcqxE,2023-03-22,"$13,80",ANA20,23122,Approved
hHadxEPAWbtBlqHkWLMP,2023-03-17,"$15,99",JOAO15,34214,Rejected
sFICNKrUHdrqnlGBBSPE,2023-05-05,"$17,00",JOAO100,33145,Rejected
ebiHYwUNKrRIcDOtGpAr,2023-08-08,"$19,35",JOAO15,33145,Rejected
OiukWFLKQXFkVOeOmDEv,2023-01-01,"$14,98",JOAO15,31231,Rejected
MMsgPGpClVWuwcxLznXx,2023-09-14,"$10,59",TIAGO70,33145,Approved
YEeDVtcFPcajtRuFnGLb,2023-05-25,"$11,85",ANA70,31231,Approved
NTFZkICTyisyBtckfmEu,2023-12-06,"$13,83",TIAGO70,31231,Rejected
SISdPyDoYnVpRABSYSLG,2023-12-13,"$17,33",TIAGO70,31231,Approved
sZaSIByJTXjytOqIJfqF,2023-11-13,"$9,43",MARIA30,23122,Approved
LPuxnqKJmtHBgbtxeLSq,2023-06-08,"$15,91",ANA20,33145,Rejected
QoTtLQupBiBLdITbxfta,2023-02-12,"$18,54",ANA20,34214,Rejected
yzVVBoQDRKIKEVOhxavY,2023-09-16,"$11,39",MARIA30,53421,Rejected
EDLeJUrfeEKVMjFuSYlo,2023-12-06,"$12,89",JOAO100,33145,Rejected
QTekLHRSwukXMbnmEkkG,2023-08-28,"$9,88",ANA20,31231,Rejected
XpzUlbFQGfUvEYkgQkhZ,2023-04-07,"$17,34",CARLOS40,33145,Approved
UHlGatSZXiZWqUeArPFx,2023-11-17,"$19,10",TIAGO70,34214,Approved
AmavieJitBjdOIKrNAdn,2023-12-02,"$13,92",ANA70,23122,Rejected
viGvBvCFRsleelefMeBp,2023-11-05,"$13,77",TIAGO70,23122,Approved
ORPVSmmzknDKkZCokaQh,2023-03-20,"$15,61",JOAO100,33145,Approved
MvGiBUAlSAeiupnkNWsa,2023-11-11,"$18,95",JOAO100,53421,Rejected
XPlfUoJEIyLgThZdPWeU,2023-12-12,"$7,56",ANA70,33145,Rejected
VWweayuoTkErgDuuBPZA,2023-10-29,"$12,31",MARIA50,34214,Approved
mXxoZCFQrGAjvjBkXVFP,2023-10-18,"$10,35",JOAO100,53421,Rejected
xNxIbeZCrPzkcdaykqlt,2023-02-22,"$7,97",MARIA30,23122,Approved
efnUKRwTWihxnyJWilNZ,2023-05-06,"$15,25",TIAGO70,23122,Rejected
xxHPxqCWaGEfsJWOSAeJ,2023-05-29,"$8,93",JOAO100,23122,Approved
gbYqAnxKdFWJMALTHyOy,2023-08-08,"$16,80",TIAGO70,23122,Rejected
dOHocKozxvifeNwYUDOD,2023-11-02,"$9,48",ANA20,23122,Approved
QqHxTGepDKGuyYUAegPv,2023-08-03,"$7,03",MARIA50,23122,Rejected
EfNTDYTiaaMXwqkRHFmu,2023-02-10,"$15,71",ANA20,31231,Approved
ogYAEGlCzKebbVlmIoJa,2023-01-21,"$19,04",MARIA30,23122,Approved
mWplfIqbSGXZZelZFdWU,2023-12-23,"$15,52",MARIA30,23122,Rejected
IudCCZrbDUirZTECuSQB,2023-04-13,"$8,70",MARIA30,34214,Approved
sKVdkUcnqGDfnZMdrbWV,2023-05-17,"$8,63",JOAO15,33145,Rejected
MAQCJeiUFytavhBYeYUh,2023-10-27,"$8,97",ANA20,34214,Approved
NIkpVVryEmRyvtfUAhey,2023-07-02,"$12,92",MARIA30,53421,Rejected
gOiMJRWlvkUgiMWPMSiY,2023-03-12,"$12,17",ANA70,31231,Rejected
hTiKHcVDmXsxLFRGrbgm,2023-01-30,"$17,84",JOAO100,31231,Rejected
bANEZjWYDnCwdRMoIScG,2023-02-07,"$10,17",MARIA50,23122,Approved
UzuScJkTZOahxHGVziOB,2023-03-14,"$14,29",MARIA30,53421,Approved
PhUrYztzqXYzQEfcGNVi,2023-04-05,"$17,23",ANA70,31231,Rejected
IpsvfIMRxOggzVyCukwg,2023-03-15,"$15,61",MARIA30,23122,Rejected
RoYPLgrgqUYaabjiEeZL,2023-07-04,"$8,99",ANA20,34214,Approved
SZUTAkBJPavOtxMqRqmo,2023-11-25,"$13,85",ANA70,34214,Approved
smSmVwOFvhyATwIemFnr,2023-08-18,"$14,37",JOAO100,23122,Rejected
JAbWzIkWQudUBWHNewCY,2023-10-09,"$9,73",MARIA50,33145,Rejected
dQZCOXvQZGuQBXsezoUS,2023-08-30,"$7,82",CARLOS40,34214,Approved
bPFZgkSlXMhasLUnNaXC,2023-07-15,"$13,74",MARIA50,23122,Approved
HbgogZjCODuPyGOLLNqY,2023-09-20,"$11,77",ANA70,33145,Rejected
uOVfAgUBVYEsiItftTjV,2023-05-02,"$8,17",ANA70,31231,Rejected
CTWczjDdhvpcZNwTdTaz,2023-07-12,"$18,57",TIAGO70,34214,Approved
AEppogwCHLZrokLqQtYI,2023-11-30,"$7,00",MARIA50,31231,Approved
nuLSqGnEpydFSrPOJjKa,2023-09-06,"$19,44",ANA20,53421,Rejected
MDvYRPBdwhDMPTvtamwK,2023-01-15,"$12,16",CARLOS40,31231,Rejected
DdKPgyphYxiVFrRYDyoH,2023-03-26,"$17,34",MARIA50,34214,Rejected
MrfleSXGQgidiTAFoYKU,2023-02-16,"$9,13",JOAO15,33145,Rejected
UEjdQEaehkpsqZzsBwUg,2023-05-15,"$12,06",ANA70,31231,Rejected
KhYXBWTZafEUMbHCZhdv,2023-06-12,"$8,95",CARLOS40,33145,Rejected
SEJXlWcpdErxCTwPULas,2023-07-05,"$17,62",MARIA30,33145,Approved
DNvpLtFCvoBSaTIuKwrx,2023-07-24,"$18,57",MARIA50,34214,Rejected
sJVugVryFpWOLDmdhcUR,2023-09-25,"$8,18",MARIA50,23122,Rejected
RezPNrmFUfkbtEwQJTLR,2023-01-22,"$14,45",ANA20,31231,Approved
VnHhlnRcHtvrOBPWXkUE,2023-06-21,"$10,62",ANA70,31231,Rejected
lJfrdZbMpYujYuRSiwAP,2023-07-21,"$12,16",MARIA30,23122,Rejected
viHvpjQQGUZyrCGrtbTl,2023-05-09,"$19,89",ANA70,31231,Approved
KlBsXujtDggttQeTbOcT,2023-03-20,"$12,29",JOAO15,53421,Rejected
lccDcpnnMvBGxiBvpxKk,2023-01-13,"$12,31",ANA20,33145,Rejected
ekfGoLNmVVekPTJEeYgP,2023-11-13,"$14,62",MARIA50,31231,Approved
amKcwnobzBSSPxEBBCCS,2023-01-25,"$17,19",TIAGO70,34214,Approved
MlnJpLzgfUaawgfWCrFn,2023-03-02,"$16,92",MARIA30,31231,Approved
tAUqtKIjigLbBAoAaiEi,2023-01-24,"$13,46",MARIA30,34214,Approved
yUtAqSvTzJGHkPfFUuOu,2023-12-20,"$9,76",MARIA30,53421,Approved
QBzlNPLNoBxrJhgTCuGz,2023-07-12,"$8,52",JOAO15,34214,Approved
eoMCTISctgERvBpfrQux,2023-04-16,"$12,98",CARLOS40,23122,Rejected
rteLApdKcTTuWWoxVqXk,2023-07-05,"$10,98",JOAO100,33145,Approved
OvEcSoOEdHUiNLuDBvOA,2023-10-27,"$14,37",MARIA30,34214,Rejected
WbjmXPTsysaGrjqPkxve,2023-02-14,"$7,60",CARLOS40,23122,Approved
LrAYxOKFcYdQVcEtoYIP,2023-02-20,"$13,74",JOAO100,33145,Approved
VMylcBGyciyZSilqqsKu,2023-10-27,"$7,21",JOAO100,53421,Approved
cTlfvGXShBeamKQbhBZT,2023-07-02,"$11,78",ANA70,34214,Rejected
LDzpoTyVNZtgixsraWFZ,2023-12-27,"$17,30",CARLOS40,34214,Approved
LBAzdjYuUnSEVkknIemx,2023-12-17,"$7,38",TIAGO70,23122,Approved
borhFuNgMuPxxetbxAgh,2023-03-25,"$10,56",MARIA30,23122,Approved
OjAyGgcerNvknEXUzKaT,2023-08-30,"$19,77",TIAGO70,53421,Rejected
dUmnrVJyMihTaXVpYYee,2023-08-07,"$16,60",ANA20,53421,Approved
AZHMfkBYkVaiMAIKIBVp,2023-03-12,"$9,78",ANA70,33145,Rejected
gLHzcisVHdDpvZyMPmrH,2023-07-02,"$16,82",MARIA30,53421,Rejected
KdZkPLOvBYwzQkZIiUCo,2023-04-26,"$12,13",ANA70,23122,Approved
zyAuuCMJsTwJxkOkDaMl,2023-11-21,"$10,47",ANA70,34214,Rejected
eYdHzSsoprDefNaeHanD,2023-01-20,"$19,98",ANA20,31231,Approved
wWkxPIGyjUHKUzPmUgAG,2023-08-09,"$10,03",CARLOS40,23122,Approved
ujzMJjLmyEsbOenURBPY,2023-01-20,"$7,72",MARIA30,23122,Rejected
fKuGijpObjrxKmWrHpUV,2023-01-27,"$15,68",JOAO15,53421,Approved
huySeeHAQCctoobrApPr,2023-10-19,"$11,91",TIAGO70,34214,Approved
LkWtrdfztMXLWyPWeOku,2023-11-07,"$8,47",ANA20,31231,Approved
sqjtacTpCshvUUSUZTRn,2023-03-31,"$10,99",TIAGO70,31231,Rejected
NkyokjDZhyINAgyWNNBF,2023-07-14,"$7,46",MARIA50,33145,Rejected
pBdinTpaAOlePyFFNkLJ,2023-11-08,"$16,22",ANA20,23122,Rejected
TivfrxxnBogfvsQeAlAV,2023-07-02,"$15,13",CARLOS40,31231,Approved
sporFfAmlMgCgGDdQkVg,2023-01-27,"$13,63",JOAO15,23122,Rejected
WkwDXMDwkLhZHPWZcsKD,2023-01-30,"$16,32",JOAO15,33145,Approved
KQoQgEJoGyOrwFEbuXTE,2023-05-22,"$12,81",ANA70,23122,Rejected
BkseECRZnXjNEcpSDKmR,2023-06-09,"$13,28",JOAO15,34214,Rejected
naRbVUVXKStXknAUBNpU,2023-11-12,"$7,07",TIAGO70,31231,Rejected
xyGSKqImBvLUaaVrcTAl,2023-03-04,"$18,65",MARIA30,31231,Rejected
DBfVFmfknsuvpxpwzGzE,2023-05-03,"$7,81",MARIA30,34214,Approved
jZeCIKfbVDXxwDTfvGYw,2023-03-26,"$16,24",MARIA30,31231,Rejected
JgGFGjctyHECZRqEilWh,2023-03-10,"$7,63",CARLOS40,33145,Rejected
FrOooIANfPuUPwlYKcPD,2023-10-22,"$17,21",MARIA30,31231,Approved
hSZOshGaSRXqcyFswXzd,2023-02-10,"$15,24",ANA70,34214,Approved
fHzNgTqVbkCfAHYLkFCG,2023-02-20,"$19,05",MARIA30,23122,Approved
QzXkjIpQbmQFmMKHtIDS,2023-10-16,"$16,52",JOAO100,33145,Approved
QNxNEcaPcydtFYnUEaqm,2023-09-04,"$13,87",CARLOS40,23122,Rejected
nWnIGjUnfbpEBQpwuiOg,2023-05-27,"$14,28",ANA20,34214,Rejected
pBLOlBHaXltBaJScojmr,2023-08-06,"$15,31",MARIA30,34214,Approved
EnNCuzWVgtOGSVKAKvje,2023-09-13,"$10,54",JOAO100,34214,Rejected
JdvKQpGXvitmDJoGUqFa,2023-12-06,"$13,07",MARIA30,33145,Approved
pfqLwXUinGexlLbKvZMH,2023-07-09,"$11,73",ANA20,34214,Rejected
tcvwPLGQmDjLpyFinSiW,2023-10-26,"$7,85",ANA20,31231,Rejected
hlHIyNCprLhNlcXMPdgK,2023-11-29,"$13,99",MARIA30,31231,Approved
cKENNctEmZJwNhaptdyC,2023-01-13,"$11,40",CARLOS40,34214,Rejected
JBHnXtGzTEKwOvLhryuQ,2023-10-15,"$18,04",JOAO15,31231,Rejected
xaKfoKznbLpFpPsEMOiP,2023-04-19,"$15,34",JOAO100,53421,Rejected
mCARmHpOjSEkQToUCkWp,2023-09-17,"$15,40",MARIA50,33145,Approved
XIqFHSizQGqoisTwNUJC,2023-10-07,"$16,89",ANA70,53421,Rejected
ZGvoMwFUCgxjjjhAYZwr,2023-09-27,"$13,42",JOAO15,53421,Approved
ayyQqPuFVvWXcawoMhQb,2023-04-10,"$13,52",TIAGO70,34214,Rejected
QIPkSykHYMUnzziiBOKl,2023-02-09,"$10,27",JOAO15,33145,Rejected
ogJLkwnbIiFPMOwUAxRq,2023-12-27,"$14,40",JOAO15,23122,Approved
nbhRnBdOlBgQdyTNXODE,2023-08-25,"$17,29",TIAGO70,34214,Approved
jmzOlwhPVdHfCoSsGgTo,2023-01-07,"$18,98",MARIA50,31231,Approved
SuOKqeedckmuWBxpBRIW,2023-01-29,"$16,81",TIAGO70,34214,Approved
VCaLYLrXftqZuhoPHJOa,2023-06-28,"$18,21",ANA70,23122,Rejected
pmtHJNPwqsLnuYQshFoZ,2023-03-04,"$14,95",CARLOS40,33145,Rejected
enHluNbwvxmEcQbAqVbA,2023-04-12,"$19,74",JOAO15,53421,Approved
ulUXwnfudYiaTRFWEHiP,2023-05-19,"$16,44",MARIA30,53421,Rejected
rYuVxaArxfVlHdxGJLoz,2023-01-03,"$8,00",MARIA50,33145,Approved
eEbtoCbgUiAAfLbBaBgD,2023-05-26,"$19,68",TIAGO70,23122,Rejected
hVPdgVtGxqQWEjtsKFGM,2023-04-16,"$13,45",MARIA30,31231,Approved
UwvZshczemGlJVEQPgsB,2023-10-07,"$16,81",TIAGO70,33145,Approved
CkNOnMMULPxnnpvTYjoH,2023-05-21,"$7,26",JOAO15,53421,Approved
JFwNsiCRSBCXJKvwqhTk,2023-12-15,"$19,41",MARIA50,23122,Approved
OGVnHDUChgWKAGkIrmNJ,2023-09-05,"$17,06",TIAGO70,53421,Rejected
ZQaxxmSfvjyBsXIAMKjo,2023-08-18,"$16,91",CARLOS40,33145,Approved